feature,null_rate,source,feature_type
num_feature_923,0.9999973333333333,extra,num
num_feature_1792,0.9999946666666667,extra,num
num_feature_1058,0.9999906666666667,extra,num
num_feature_1832,0.9999906666666667,extra,num
num_feature_1695,0.9999893333333333,extra,num
num_feature_265,0.999988,extra,num
num_feature_1922,0.9999826666666667,extra,num
num_feature_1054,0.99998,extra,num
num_feature_1277,0.9999706666666667,extra,num
num_feature_1617,0.9999666666666667,extra,num
num_feature_1661,0.9999613333333334,extra,num
num_feature_2152,0.99996,extra,num
num_feature_471,0.9999506666666667,extra,num
num_feature_1802,0.999944,extra,num
num_feature_1880,0.9999373333333333,extra,num
num_feature_1935,0.9999226666666666,extra,num
num_feature_1228,0.9999093333333333,extra,num
num_feature_1836,0.999908,extra,num
num_feature_2333,0.9998986666666667,extra,num
num_feature_428,0.999888,extra,num
num_feature_550,0.999884,extra,num
num_feature_1857,0.999884,extra,num
num_feature_152,0.9998773333333333,extra,num
num_feature_638,0.9998773333333333,extra,num
num_feature_863,0.9998546666666667,extra,num
num_feature_1713,0.999852,extra,num
num_feature_1979,0.999852,extra,num
num_feature_1516,0.9998466666666667,extra,num
num_feature_482,0.999844,extra,num
num_feature_1957,0.99984,extra,num
num_feature_2366,0.999828,extra,num
num_feature_1894,0.999828,extra,num
num_feature_1843,0.9998106666666666,extra,num
num_feature_453,0.9998093333333333,extra,num
num_feature_407,0.999772,extra,num
num_feature_1637,0.9997666666666667,extra,num
num_feature_785,0.999756,extra,num
num_feature_967,0.9997466666666667,extra,num
num_feature_624,0.999728,extra,num
num_feature_2130,0.9997253333333334,extra,num
num_feature_1527,0.9997186666666666,extra,num
num_feature_394,0.999712,extra,num
num_feature_1886,0.999704,extra,num
num_feature_1425,0.9996866666666666,extra,num
num_feature_1694,0.9996813333333333,extra,num
num_feature_2100,0.9996786666666667,extra,num
num_feature_2053,0.9996786666666667,extra,num
num_feature_2194,0.9996386666666667,extra,num
num_feature_972,0.9996386666666667,extra,num
num_feature_1443,0.9996173333333334,extra,num
num_feature_1504,0.999616,extra,num
num_feature_477,0.999616,extra,num
num_feature_1264,0.999588,extra,num
num_feature_1142,0.9995813333333333,extra,num
num_feature_1967,0.9995786666666666,extra,num
num_feature_1652,0.9995746666666666,extra,num
num_feature_802,0.9995706666666667,extra,num
num_feature_920,0.999568,extra,num
num_feature_937,0.9995546666666667,extra,num
num_feature_1066,0.9995533333333333,extra,num
num_feature_702,0.9995493333333333,extra,num
num_feature_1817,0.999544,extra,num
num_feature_1566,0.9995333333333334,extra,num
num_feature_1858,0.9995213333333334,extra,num
num_feature_1373,0.9995133333333334,extra,num
num_feature_952,0.99948,extra,num
num_feature_205,0.9994653333333333,extra,num
num_feature_2216,0.9994613333333333,extra,num
num_feature_2063,0.9994333333333333,extra,num
num_feature_1176,0.9994066666666667,extra,num
num_feature_1825,0.9993533333333333,extra,num
num_feature_1349,0.999304,extra,num
num_feature_1375,0.999304,extra,num
num_feature_662,0.999272,extra,num
num_feature_528,0.9992613333333333,extra,num
num_feature_517,0.99924,extra,num
num_feature_2013,0.999236,extra,num
num_feature_1003,0.999236,extra,num
num_feature_1220,0.9992133333333333,extra,num
num_feature_1162,0.999212,extra,num
num_feature_1282,0.9992053333333333,extra,num
num_feature_889,0.9991426666666666,extra,num
num_feature_737,0.9990973333333333,extra,num
num_feature_396,0.9990733333333334,extra,num
num_feature_668,0.999072,extra,num
num_feature_357,0.9990706666666667,extra,num
num_feature_919,0.9990706666666667,extra,num
num_feature_239,0.9990693333333334,extra,num
num_feature_1999,0.9990693333333334,extra,num
num_feature_2213,0.9990693333333334,extra,num
num_feature_1266,0.999068,extra,num
num_feature_723,0.9990666666666667,extra,num
num_feature_605,0.9990666666666667,extra,num
num_feature_447,0.9990666666666667,extra,num
num_feature_2349,0.9990666666666667,extra,num
num_feature_955,0.9990666666666667,extra,num
num_feature_412,0.999036,extra,num
num_feature_648,0.999012,extra,num
num_feature_1786,0.9989946666666667,extra,num
num_feature_2151,0.9989413333333333,extra,num
num_feature_515,0.9989213333333333,extra,num
num_feature_634,0.9988826666666667,extra,num
num_feature_1723,0.9988573333333334,extra,num
num_feature_816,0.9988573333333334,extra,num
num_feature_2084,0.998764,extra,num
num_feature_722,0.9987626666666667,extra,num
num_feature_2276,0.998752,extra,num
num_feature_275,0.9987333333333334,extra,num
num_feature_1034,0.998724,extra,num
num_feature_1745,0.99872,extra,num
num_feature_2317,0.9987093333333333,extra,num
num_feature_565,0.9986373333333334,extra,num
num_feature_1121,0.9986333333333334,extra,num
num_feature_1969,0.9986213333333334,extra,num
num_feature_217,0.9985413333333333,extra,num
num_feature_1627,0.9984693333333333,extra,num
num_feature_2305,0.9984026666666667,extra,num
num_feature_1776,0.9983666666666666,extra,num
num_feature_1460,0.9983613333333333,extra,num
num_feature_577,0.998344,extra,num
num_feature_1053,0.9983333333333333,extra,num
num_feature_2170,0.9983293333333333,extra,num
num_feature_874,0.9982933333333334,extra,num
num_feature_1038,0.99828,extra,num
num_feature_1255,0.99826,extra,num
num_feature_2125,0.99826,extra,num
num_feature_2086,0.998256,extra,num
num_feature_1205,0.9982493333333333,extra,num
num_feature_479,0.9982026666666667,extra,num
num_feature_1164,0.9982026666666667,extra,num
num_feature_1770,0.998196,extra,num
num_feature_1025,0.9981946666666667,extra,num
num_feature_1241,0.9981853333333334,extra,num
num_feature_598,0.99818,extra,num
num_feature_1907,0.998092,extra,num
num_feature_949,0.9980213333333333,extra,num
num_feature_198,0.9979986666666667,extra,num
num_feature_1718,0.9979893333333333,extra,num
num_feature_1462,0.9979213333333333,extra,num
num_feature_589,0.99792,extra,num
num_feature_876,0.9979106666666666,extra,num
num_feature_1766,0.997892,extra,num
num_feature_576,0.9978653333333334,extra,num
num_feature_834,0.997836,extra,num
num_feature_2211,0.9978146666666666,extra,num
num_feature_954,0.9978066666666666,extra,num
num_feature_764,0.9977933333333333,extra,num
num_feature_419,0.9977786666666667,extra,num
num_feature_411,0.9977066666666666,extra,num
num_feature_1717,0.9977066666666666,extra,num
num_feature_1859,0.9976973333333333,extra,num
num_feature_229,0.997684,extra,num
num_feature_2173,0.997664,extra,num
num_feature_1082,0.997624,extra,num
num_feature_1434,0.9975506666666667,extra,num
num_feature_680,0.9974813333333333,extra,num
num_feature_1875,0.9974586666666667,extra,num
num_feature_629,0.997392,extra,num
num_feature_1079,0.997336,extra,num
num_feature_1182,0.9973213333333333,extra,num
num_feature_2232,0.9972533333333333,extra,num
num_feature_756,0.997248,extra,num
num_feature_486,0.997244,extra,num
num_feature_449,0.997244,extra,num
num_feature_2263,0.9972346666666667,extra,num
num_feature_1324,0.9972346666666667,extra,num
num_feature_1636,0.9972346666666667,extra,num
num_feature_891,0.9972346666666667,extra,num
num_feature_1131,0.9972133333333333,extra,num
num_feature_2078,0.997212,extra,num
num_feature_978,0.9971173333333333,extra,num
num_feature_1569,0.9970986666666667,extra,num
num_feature_835,0.9970466666666666,extra,num
num_feature_1813,0.996952,extra,num
num_feature_2050,0.996788,extra,num
num_feature_964,0.9967306666666667,extra,num
num_feature_2323,0.9967013333333333,extra,num
num_feature_1367,0.9966213333333334,extra,num
num_feature_1868,0.9965333333333334,extra,num
num_feature_1596,0.99642,extra,num
num_feature_212,0.9963813333333333,extra,num
num_feature_1975,0.9963506666666667,extra,num
num_feature_2275,0.996316,extra,num
num_feature_1024,0.9962693333333333,extra,num
num_feature_1337,0.996256,extra,num
num_feature_175,0.996244,extra,num
num_feature_1870,0.9962333333333333,extra,num
num_feature_264,0.996232,extra,num
num_feature_2318,0.9962013333333334,extra,num
num_feature_2007,0.9961973333333334,extra,num
num_feature_2336,0.996176,extra,num
num_feature_2204,0.9961626666666666,extra,num
num_feature_1914,0.996024,extra,num
num_feature_2127,0.995996,extra,num
num_feature_478,0.9959933333333333,extra,num
num_feature_406,0.9959866666666667,extra,num
num_feature_1062,0.9959733333333334,extra,num
num_feature_1595,0.995944,extra,num
num_feature_1293,0.995892,extra,num
num_feature_370,0.9958066666666666,extra,num
num_feature_607,0.9958,extra,num
num_feature_1772,0.9957546666666667,extra,num
num_feature_1873,0.995704,extra,num
num_feature_1356,0.995672,extra,num
num_feature_1850,0.9956613333333333,extra,num
num_feature_1638,0.9956333333333334,extra,num
num_feature_715,0.9955266666666667,extra,num
num_feature_1686,0.995516,extra,num
num_feature_1788,0.9955093333333334,extra,num
num_feature_741,0.9955093333333334,extra,num
num_feature_823,0.9955026666666666,extra,num
num_feature_2253,0.9954733333333333,extra,num
num_feature_1539,0.99544,extra,num
num_feature_1616,0.9954013333333334,extra,num
num_feature_2284,0.9953146666666667,extra,num
num_feature_335,0.99528,extra,num
num_feature_875,0.9952773333333333,extra,num
num_feature_434,0.9952493333333333,extra,num
num_feature_1710,0.9952493333333333,extra,num
num_feature_285,0.9952493333333333,extra,num
num_feature_821,0.9951133333333333,extra,num
num_feature_1777,0.9949773333333334,extra,num
num_feature_148,0.9949053333333333,extra,num
num_feature_2187,0.994872,extra,num
num_feature_640,0.9948173333333333,extra,num
num_feature_939,0.9947106666666666,extra,num
num_feature_1726,0.9946026666666666,extra,num
num_feature_1849,0.994524,extra,num
num_feature_773,0.9944546666666667,extra,num
num_feature_1224,0.994428,extra,num
num_feature_572,0.9944066666666667,extra,num
num_feature_1134,0.9943266666666667,extra,num
num_feature_654,0.9942546666666666,extra,num
num_feature_569,0.9942546666666666,extra,num
num_feature_811,0.9942546666666666,extra,num
num_feature_552,0.99416,extra,num
num_feature_523,0.994016,extra,num
num_feature_627,0.9940026666666667,extra,num
num_feature_2083,0.9940026666666667,extra,num
num_feature_2250,0.9939773333333334,extra,num
num_feature_248,0.993948,extra,num
num_feature_987,0.993948,extra,num
num_feature_1070,0.993948,extra,num
num_feature_2139,0.993856,extra,num
num_feature_154,0.993856,extra,num
num_feature_579,0.9938453333333334,extra,num
num_feature_1741,0.9938453333333334,extra,num
num_feature_310,0.9938413333333334,extra,num
num_feature_274,0.993772,extra,num
num_feature_427,0.9937066666666666,extra,num
num_feature_870,0.9936826666666667,extra,num
num_feature_2148,0.993536,extra,num
num_feature_746,0.9935053333333334,extra,num
num_feature_1881,0.99348,extra,num
num_feature_536,0.993432,extra,num
num_feature_806,0.99342,extra,num
num_feature_1148,0.9933666666666666,extra,num
num_feature_1647,0.9932973333333334,extra,num
num_feature_1916,0.9931053333333333,extra,num
num_feature_1663,0.992688,extra,num
num_feature_912,0.9926733333333333,extra,num
num_feature_1481,0.9924946666666666,extra,num
num_feature_1366,0.99248,extra,num
num_feature_2045,0.9924386666666667,extra,num
num_feature_580,0.9924266666666667,extra,num
num_feature_1335,0.9922986666666667,extra,num
num_feature_1951,0.9922333333333333,extra,num
num_feature_417,0.9922146666666667,extra,num
num_feature_860,0.9921546666666666,extra,num
num_feature_316,0.9919613333333334,extra,num
num_feature_1600,0.9917213333333333,extra,num
num_feature_692,0.9916493333333334,extra,num
num_feature_689,0.9914333333333334,extra,num
num_feature_1002,0.9914266666666667,extra,num
num_feature_2281,0.9911826666666667,extra,num
num_feature_1104,0.9909413333333333,extra,num
num_feature_1588,0.990936,extra,num
num_feature_1532,0.9908173333333333,extra,num
num_feature_1388,0.9906226666666667,extra,num
num_feature_2242,0.990584,extra,num
num_feature_2312,0.9905453333333334,extra,num
num_feature_1194,0.9904386666666667,extra,num
num_feature_2008,0.9904386666666667,extra,num
num_feature_2004,0.9904293333333334,extra,num
num_feature_135,0.9904293333333334,extra,num
num_feature_1381,0.9904026666666667,extra,num
num_feature_262,0.990192,extra,num
num_feature_1174,0.9901813333333334,extra,num
num_feature_1494,0.9901626666666666,extra,num
num_feature_2017,0.9901373333333333,extra,num
num_feature_339,0.9901346666666667,extra,num
num_feature_2082,0.9901346666666667,extra,num
num_feature_932,0.9901346666666667,extra,num
num_feature_169,0.9901346666666667,extra,num
num_feature_1007,0.9901346666666667,extra,num
num_feature_1049,0.9901,extra,num
num_feature_211,0.9899666666666667,extra,num
num_feature_755,0.989884,extra,num
num_feature_1542,0.989884,extra,num
num_feature_1779,0.9898653333333334,extra,num
num_feature_1100,0.9896893333333333,extra,num
num_feature_1874,0.9896133333333333,extra,num
num_feature_1578,0.9894453333333333,extra,num
num_feature_1853,0.9892173333333333,extra,num
num_feature_2028,0.989064,extra,num
num_feature_1323,0.9889066666666667,extra,num
num_feature_792,0.9887226666666666,extra,num
num_feature_1412,0.9887226666666666,extra,num
num_feature_619,0.9886613333333333,extra,num
num_feature_990,0.98852,extra,num
num_feature_553,0.9881093333333333,extra,num
num_feature_429,0.98802,extra,num
num_feature_1396,0.9878253333333333,extra,num
num_feature_1964,0.9878253333333333,extra,num
num_feature_1782,0.9878253333333333,extra,num
num_feature_810,0.9877293333333333,extra,num
num_feature_1064,0.9876373333333334,extra,num
num_feature_738,0.987096,extra,num
num_feature_1545,0.9869746666666667,extra,num
num_feature_328,0.9868893333333333,extra,num
num_feature_2003,0.9868453333333334,extra,num
num_feature_644,0.98674,extra,num
num_feature_2214,0.98668,extra,num
num_feature_765,0.986624,extra,num
num_feature_1344,0.986428,extra,num
num_feature_732,0.9863946666666666,extra,num
num_feature_487,0.9863266666666667,extra,num
num_feature_2087,0.986324,extra,num
num_feature_1487,0.9861493333333333,extra,num
num_feature_1838,0.9861493333333333,extra,num
num_feature_1341,0.9861333333333333,extra,num
num_feature_369,0.986124,extra,num
num_feature_1722,0.9860906666666667,extra,num
num_feature_768,0.9859626666666667,extra,num
num_feature_2206,0.9859533333333333,extra,num
num_feature_1232,0.9856333333333334,extra,num
num_feature_1671,0.9856253333333334,extra,num
num_feature_533,0.9856253333333334,extra,num
num_feature_2306,0.9854293333333334,extra,num
num_feature_2255,0.985392,extra,num
num_feature_959,0.9852746666666666,extra,num
num_feature_1688,0.9852573333333333,extra,num
num_feature_877,0.985204,extra,num
num_feature_1871,0.9851906666666667,extra,num
num_feature_1603,0.9851,extra,num
num_feature_1402,0.9849946666666667,extra,num
num_feature_1521,0.9846426666666667,extra,num
num_feature_1882,0.9844146666666667,extra,num
num_feature_247,0.984296,extra,num
num_feature_1496,0.9842293333333333,extra,num
num_feature_1856,0.9842293333333333,extra,num
num_feature_2116,0.984028,extra,num
num_feature_1833,0.9840093333333333,extra,num
num_feature_484,0.9838053333333333,extra,num
num_feature_2338,0.98374,extra,num
num_feature_1656,0.9834893333333333,extra,num
num_feature_1107,0.9832773333333333,extra,num
num_feature_2327,0.9831773333333333,extra,num
num_feature_2144,0.9829413333333333,extra,num
num_feature_1885,0.982508,extra,num
num_feature_506,0.98242,extra,num
num_feature_924,0.982052,extra,num
num_feature_1478,0.9819746666666667,extra,num
num_feature_751,0.9819746666666667,extra,num
num_feature_1173,0.9808973333333333,extra,num
num_feature_1910,0.9808906666666667,extra,num
num_feature_665,0.9806786666666667,extra,num
num_feature_1821,0.980668,extra,num
num_feature_1256,0.9804893333333333,extra,num
num_feature_747,0.980372,extra,num
num_feature_970,0.980372,extra,num
num_feature_1499,0.9803706666666666,extra,num
num_feature_1117,0.9799093333333333,extra,num
num_feature_873,0.9798986666666667,extra,num
num_feature_849,0.9798573333333334,extra,num
num_feature_2344,0.979736,extra,num
num_feature_1533,0.9797066666666666,extra,num
num_feature_546,0.979704,extra,num
num_feature_1703,0.9796746666666667,extra,num
num_feature_188,0.9796746666666667,extra,num
num_feature_1952,0.9796746666666667,extra,num
num_feature_1682,0.9796746666666667,extra,num
num_feature_1242,0.9794666666666667,extra,num
num_feature_136,0.9794666666666667,extra,num
num_feature_420,0.9792786666666666,extra,num
num_feature_430,0.979164,extra,num
num_feature_232,0.9788466666666666,extra,num
num_feature_1298,0.9787933333333333,extra,num
num_feature_727,0.9787933333333333,extra,num
num_feature_766,0.9787586666666667,extra,num
num_feature_1932,0.9786613333333334,extra,num
num_feature_1258,0.978576,extra,num
num_feature_280,0.9780453333333333,extra,num
num_feature_2026,0.977892,extra,num
num_feature_1955,0.977792,extra,num
num_feature_2021,0.97774,extra,num
num_feature_196,0.9775653333333333,extra,num
num_feature_981,0.9775653333333333,extra,num
num_feature_1308,0.9775653333333333,extra,num
num_feature_1167,0.977396,extra,num
num_feature_1621,0.9773213333333334,extra,num
num_feature_236,0.9772306666666667,extra,num
num_feature_2089,0.9772226666666667,extra,num
num_feature_1567,0.9770893333333334,extra,num
num_feature_390,0.9770893333333334,extra,num
num_feature_1397,0.977024,extra,num
num_feature_472,0.9769573333333333,extra,num
num_feature_1362,0.9768506666666666,extra,num
num_feature_2153,0.976636,extra,num
num_feature_2262,0.976636,extra,num
num_feature_2218,0.9765906666666667,extra,num
num_feature_1113,0.9765666666666667,extra,num
num_feature_304,0.9765666666666667,extra,num
num_feature_789,0.9765666666666667,extra,num
num_feature_995,0.9765666666666667,extra,num
num_feature_813,0.9765666666666667,extra,num
num_feature_2077,0.9765666666666667,extra,num
num_feature_2047,0.9765666666666667,extra,num
num_feature_905,0.9765666666666667,extra,num
num_feature_1132,0.976356,extra,num
num_feature_1704,0.9763213333333334,extra,num
num_feature_950,0.9760333333333333,extra,num
num_feature_319,0.975928,extra,num
num_feature_507,0.975856,extra,num
num_feature_749,0.9758346666666666,extra,num
num_feature_1639,0.975656,extra,num
num_feature_2341,0.975656,extra,num
num_feature_1271,0.9756426666666667,extra,num
num_feature_1365,0.9755333333333334,extra,num
num_feature_1077,0.9753853333333333,extra,num
num_feature_466,0.9753053333333334,extra,num
num_feature_791,0.9752826666666666,extra,num
num_feature_1670,0.9752053333333334,extra,num
num_feature_1864,0.9751946666666667,extra,num
num_feature_671,0.9751946666666667,extra,num
num_feature_1045,0.975132,extra,num
num_feature_2272,0.9747493333333334,extra,num
num_feature_1931,0.9747493333333334,extra,num
num_feature_704,0.974684,extra,num
num_feature_508,0.9742853333333333,extra,num
num_feature_1415,0.97396,extra,num
num_feature_151,0.9739346666666666,extra,num
num_feature_1994,0.9736386666666667,extra,num
num_feature_929,0.9725213333333333,extra,num
num_feature_571,0.9725186666666666,extra,num
num_feature_566,0.9725186666666666,extra,num
num_feature_404,0.9718893333333334,extra,num
num_feature_345,0.970724,extra,num
num_feature_1209,0.970724,extra,num
num_feature_1139,0.97054,extra,num
num_feature_185,0.9701666666666666,extra,num
num_feature_548,0.969988,extra,num
num_feature_2093,0.969912,extra,num
num_feature_687,0.9694773333333333,extra,num
num_feature_138,0.9693866666666666,extra,num
num_feature_1093,0.9684733333333333,extra,num
num_feature_2180,0.9675466666666667,extra,num
num_feature_1677,0.967484,extra,num
num_feature_2092,0.967196,extra,num
num_feature_351,0.967196,extra,num
num_feature_2287,0.966968,extra,num
num_feature_1560,0.9668346666666666,extra,num
num_feature_358,0.9668026666666667,extra,num
num_feature_1491,0.9668026666666667,extra,num
num_feature_2270,0.9663293333333334,extra,num
num_feature_2124,0.9662546666666667,extra,num
num_feature_1210,0.9657373333333333,extra,num
num_feature_2138,0.9651573333333333,extra,num
num_feature_1883,0.9650506666666666,extra,num
num_feature_667,0.9646706666666667,extra,num
num_feature_1925,0.964284,extra,num
num_feature_2222,0.964236,extra,num
num_feature_400,0.9626733333333334,extra,num
num_feature_1346,0.9622346666666667,extra,num
num_feature_1114,0.9614493333333334,extra,num
num_feature_1530,0.9612533333333333,extra,num
num_feature_1288,0.960916,extra,num
num_feature_852,0.960884,extra,num
num_feature_1761,0.959912,extra,num
num_feature_168,0.9597986666666667,extra,num
num_feature_1311,0.959552,extra,num
num_feature_282,0.95938,extra,num
num_feature_1027,0.9588933333333334,extra,num
num_feature_914,0.957492,extra,num
num_feature_376,0.9568186666666667,extra,num
num_feature_1458,0.9567773333333334,extra,num
num_feature_1896,0.956772,extra,num
num_feature_1281,0.9563906666666666,extra,num
num_feature_1016,0.9563906666666666,extra,num
num_feature_1669,0.9563906666666666,extra,num
num_feature_1354,0.9563906666666666,extra,num
num_feature_2160,0.955136,extra,num
num_feature_1607,0.955036,extra,num
num_feature_363,0.9544786666666667,extra,num
num_feature_2267,0.9535693333333334,extra,num
num_feature_661,0.9523,extra,num
num_feature_831,0.951928,extra,num
num_feature_1331,0.950876,extra,num
num_feature_957,0.9500693333333333,extra,num
num_feature_441,0.948604,extra,num
num_feature_2068,0.9479986666666667,extra,num
num_feature_1272,0.9479373333333333,extra,num
num_feature_886,0.9472866666666667,extra,num
num_feature_299,0.9470133333333334,extra,num
num_feature_2361,0.9470133333333334,extra,num
num_feature_1161,0.9451746666666667,extra,num
num_feature_1368,0.9448,extra,num
num_feature_893,0.9438586666666666,extra,num
num_feature_1540,0.9435,extra,num
num_feature_227,0.9428066666666667,extra,num
num_feature_2018,0.942748,extra,num
num_feature_820,0.94242,extra,num
num_feature_1559,0.9423213333333333,extra,num
num_feature_1441,0.942296,extra,num
num_feature_736,0.941236,extra,num
num_feature_795,0.9410413333333333,extra,num
num_feature_555,0.9400173333333334,extra,num
num_feature_2219,0.9375853333333334,extra,num
num_feature_2037,0.9367266666666667,extra,num
num_feature_137,0.9367026666666667,extra,num
num_feature_993,0.9366093333333333,extra,num
num_feature_1719,0.934884,extra,num
num_feature_1159,0.934184,extra,num
num_feature_2340,0.93336,extra,num
num_feature_1448,0.9325373333333333,extra,num
num_feature_582,0.932336,extra,num
num_feature_1237,0.9320546666666667,extra,num
num_feature_1312,0.931632,extra,num
num_feature_647,0.930496,extra,num
num_feature_1785,0.929496,extra,num
num_feature_268,0.9294946666666667,extra,num
num_feature_769,0.92804,extra,num
num_feature_1806,0.927304,extra,num
num_feature_1328,0.9265426666666666,extra,num
num_feature_1393,0.9263226666666666,extra,num
num_feature_674,0.9259693333333333,extra,num
num_feature_405,0.9253186666666666,extra,num
num_feature_1609,0.9242146666666666,extra,num
num_feature_1059,0.9215106666666667,extra,num
num_feature_1276,0.921456,extra,num
num_feature_1690,0.921044,extra,num
num_feature_707,0.9208093333333334,extra,num
num_feature_1248,0.9200933333333333,extra,num
num_feature_1171,0.919808,extra,num
num_feature_539,0.919472,extra,num
num_feature_1981,0.919052,extra,num
num_feature_300,0.918416,extra,num
num_feature_1247,0.9177213333333333,extra,num
num_feature_1905,0.9160906666666667,extra,num
num_feature_160,0.9150026666666666,extra,num
num_feature_1394,0.9148733333333333,extra,num
num_feature_1795,0.9145266666666667,extra,num
num_feature_824,0.9130013333333333,extra,num
num_feature_1764,0.9110453333333334,extra,num
num_feature_475,0.910604,extra,num
num_feature_257,0.910604,extra,num
num_feature_1649,0.909064,extra,num
num_feature_676,0.9077986666666666,extra,num
num_feature_1828,0.906084,extra,num
num_feature_1711,0.9052333333333333,extra,num
num_feature_1929,0.9046013333333334,extra,num
num_feature_685,0.9044026666666667,extra,num
num_feature_2274,0.904088,extra,num
num_feature_1570,0.9035306666666667,extra,num
num_feature_1473,0.9031133333333333,extra,num
num_feature_329,0.903008,extra,num
num_feature_1229,0.9008466666666667,extra,num
num_feature_2019,0.9008466666666667,extra,num
num_feature_392,0.900812,extra,num
num_feature_368,0.9007373333333333,extra,num
num_feature_2041,0.900048,extra,num
num_feature_1109,0.8998773333333333,extra,num
num_feature_1467,0.8982306666666666,extra,num
num_feature_686,0.8979986666666666,extra,num
num_feature_1936,0.8949453333333334,extra,num
num_feature_1071,0.8945906666666666,extra,num
num_feature_1608,0.8912946666666667,extra,num
num_feature_1902,0.8907266666666667,extra,num
num_feature_1244,0.8892,extra,num
num_feature_2283,0.8856253333333334,extra,num
num_feature_182,0.8854146666666667,extra,num
num_feature_1097,0.8854146666666667,extra,num
num_feature_861,0.8852973333333334,extra,num
num_feature_1041,0.8851093333333333,extra,num
num_feature_267,0.88298,extra,num
num_feature_170,0.8828293333333334,extra,num
num_feature_684,0.882552,extra,num
num_feature_1848,0.8812666666666666,extra,num
num_feature_1483,0.8810866666666667,extra,num
num_feature_2292,0.8801333333333333,extra,num
num_feature_1778,0.8797666666666667,extra,num
num_feature_809,0.875144,extra,num
num_feature_2107,0.874932,extra,num
num_feature_1501,0.8737893333333333,extra,num
num_feature_1488,0.8736973333333333,extra,num
num_feature_1166,0.8734626666666667,extra,num
num_feature_1073,0.8720506666666666,extra,num
num_feature_1729,0.871376,extra,num
num_feature_2257,0.8707973333333333,extra,num
num_feature_1945,0.86726,extra,num
num_feature_1877,0.866848,extra,num
num_feature_1538,0.865056,extra,num
num_feature_2154,0.8604786666666666,extra,num
num_feature_2229,0.8585546666666667,extra,num
num_feature_1326,0.8573,extra,num
num_feature_384,0.857032,extra,num
num_feature_495,0.857032,extra,num
num_feature_454,0.857032,extra,num
num_feature_1260,0.856916,extra,num
num_feature_1801,0.8566906666666667,extra,num
num_feature_213,0.856168,extra,num
num_feature_1436,0.853952,extra,num
num_feature_1725,0.8529813333333334,extra,num
num_feature_2298,0.8461133333333334,extra,num
num_feature_397,0.8461133333333334,extra,num
num_feature_635,0.8461133333333334,extra,num
num_feature_1798,0.8461133333333334,extra,num
num_feature_2031,0.8461133333333334,extra,num
num_feature_1465,0.8461133333333334,extra,num
num_feature_302,0.8461133333333334,extra,num
num_feature_1470,0.8461133333333334,extra,num
num_feature_1863,0.8461133333333334,extra,num
num_feature_1793,0.8461133333333334,extra,num
num_feature_1223,0.8461133333333334,extra,num
num_feature_1286,0.8461133333333334,extra,num
num_feature_1862,0.8461133333333334,extra,num
num_feature_1211,0.8461133333333334,extra,num
num_feature_1307,0.8461133333333334,extra,num
num_feature_312,0.8461133333333334,extra,num
num_feature_899,0.8461133333333334,extra,num
num_feature_645,0.8461133333333334,extra,num
num_feature_1343,0.8461133333333334,extra,num
num_feature_871,0.8461133333333334,extra,num
num_feature_1270,0.8461133333333334,extra,num
num_feature_1404,0.8461133333333334,extra,num
num_feature_1811,0.8461133333333334,extra,num
num_feature_1820,0.8461133333333334,extra,num
num_feature_1406,0.8461133333333334,extra,num
num_feature_1865,0.8461133333333334,extra,num
num_feature_1378,0.8461133333333334,extra,num
num_feature_1819,0.8461133333333334,extra,num
num_feature_832,0.8461133333333334,extra,num
num_feature_833,0.8461133333333334,extra,num
num_feature_1829,0.8461133333333334,extra,num
num_feature_1275,0.8461133333333334,extra,num
num_feature_1810,0.8461133333333334,extra,num
num_feature_2069,0.8461133333333334,extra,num
num_feature_2295,0.8461133333333334,extra,num
num_feature_1236,0.8461133333333334,extra,num
num_feature_2061,0.8461133333333334,extra,num
num_feature_1385,0.8461133333333334,extra,num
num_feature_1382,0.8461133333333334,extra,num
num_feature_827,0.8461133333333334,extra,num
num_feature_1253,0.8461133333333334,extra,num
num_feature_2029,0.8461133333333334,extra,num
num_feature_2355,0.8461133333333334,extra,num
num_feature_461,0.8461133333333334,extra,num
num_feature_1598,0.8461133333333334,extra,num
num_feature_902,0.8461133333333334,extra,num
num_feature_1937,0.8461133333333334,extra,num
num_feature_1605,0.8461133333333334,extra,num
num_feature_2091,0.8461133333333334,extra,num
num_feature_184,0.8461133333333334,extra,num
num_feature_1732,0.8461133333333334,extra,num
num_feature_179,0.8461133333333334,extra,num
num_feature_1623,0.8461133333333334,extra,num
num_feature_2210,0.8461133333333334,extra,num
num_feature_2175,0.8461133333333334,extra,num
num_feature_1752,0.8461133333333334,extra,num
num_feature_1654,0.8461133333333334,extra,num
num_feature_1655,0.8461133333333334,extra,num
num_feature_2199,0.8461133333333334,extra,num
num_feature_968,0.8461133333333334,extra,num
num_feature_155,0.8461133333333334,extra,num
num_feature_969,0.8461133333333334,extra,num
num_feature_1679,0.8461133333333334,extra,num
num_feature_2364,0.8461133333333334,extra,num
num_feature_1968,0.8461133333333334,extra,num
num_feature_2192,0.8461133333333334,extra,num
num_feature_983,0.8461133333333334,extra,num
num_feature_1580,0.8461133333333334,extra,num
num_feature_1599,0.8461133333333334,extra,num
num_feature_2163,0.8461133333333334,extra,num
num_feature_1550,0.8461133333333334,extra,num
num_feature_2073,0.8461133333333334,extra,num
num_feature_1898,0.8461133333333334,extra,num
num_feature_1198,0.8461133333333334,extra,num
num_feature_1915,0.8461133333333334,extra,num
num_feature_927,0.8461133333333334,extra,num
num_feature_563,0.8461133333333334,extra,num
num_feature_1520,0.8461133333333334,extra,num
num_feature_1773,0.8461133333333334,extra,num
num_feature_1528,0.8461133333333334,extra,num
num_feature_1112,0.8461133333333334,extra,num
num_feature_1930,0.8461133333333334,extra,num
num_feature_1767,0.8461133333333334,extra,num
num_feature_1157,0.8461133333333334,extra,num
num_feature_936,0.8461133333333334,extra,num
num_feature_940,0.8461133333333334,extra,num
num_feature_455,0.8461133333333334,extra,num
num_feature_203,0.8461133333333334,extra,num
num_feature_944,0.8461133333333334,extra,num
num_feature_1419,0.844076,extra,num
num_feature_1846,0.8425253333333333,extra,num
num_feature_371,0.841868,extra,num
num_feature_544,0.839892,extra,num
num_feature_1398,0.8376293333333333,extra,num
num_feature_1144,0.8359013333333334,extra,num
num_feature_1522,0.8329133333333333,extra,num
num_feature_743,0.8323373333333334,extra,num
num_feature_2010,0.8323373333333334,extra,num
num_feature_724,0.8317546666666666,extra,num
num_feature_2299,0.8317546666666666,extra,num
num_feature_1708,0.8308826666666667,extra,num
num_feature_1966,0.8290546666666667,extra,num
num_feature_1775,0.8264373333333334,extra,num
num_feature_1086,0.8254813333333333,extra,num
num_feature_997,0.8254813333333333,extra,num
num_feature_1493,0.8254813333333333,extra,num
num_feature_1339,0.8248693333333333,extra,num
num_feature_1763,0.8248693333333333,extra,num
num_feature_1127,0.8248693333333333,extra,num
num_feature_1124,0.8248693333333333,extra,num
num_feature_207,0.8248693333333333,extra,num
num_feature_1553,0.8248693333333333,extra,num
num_feature_1933,0.8248693333333333,extra,num
num_feature_1115,0.8248693333333333,extra,num
num_feature_448,0.8248693333333333,extra,num
num_feature_1760,0.8248693333333333,extra,num
num_feature_1564,0.8248693333333333,extra,num
num_feature_199,0.8248693333333333,extra,num
num_feature_460,0.8248693333333333,extra,num
num_feature_1577,0.8248693333333333,extra,num
num_feature_191,0.8248693333333333,extra,num
num_feature_1551,0.8248693333333333,extra,num
num_feature_1768,0.8248693333333333,extra,num
num_feature_186,0.8248693333333333,extra,num
num_feature_2227,0.8248693333333333,extra,num
num_feature_2332,0.8248693333333333,extra,num
num_feature_2331,0.8248693333333333,extra,num
num_feature_1771,0.8248693333333333,extra,num
num_feature_1149,0.8248693333333333,extra,num
num_feature_2325,0.8248693333333333,extra,num
num_feature_2324,0.8248693333333333,extra,num
num_feature_1153,0.8248693333333333,extra,num
num_feature_1512,0.8248693333333333,extra,num
num_feature_1780,0.8248693333333333,extra,num
num_feature_431,0.8248693333333333,extra,num
num_feature_1165,0.8248693333333333,extra,num
num_feature_1509,0.8248693333333333,extra,num
num_feature_187,0.8248693333333333,extra,num
num_feature_1610,0.8248693333333333,extra,num
num_feature_1175,0.8248693333333333,extra,num
num_feature_1673,0.8248693333333333,extra,num
num_feature_1705,0.8248693333333333,extra,num
num_feature_999,0.8248693333333333,extra,num
num_feature_1990,0.8248693333333333,extra,num
num_feature_1987,0.8248693333333333,extra,num
num_feature_1011,0.8248693333333333,extra,num
num_feature_2189,0.8248693333333333,extra,num
num_feature_1023,0.8248693333333333,extra,num
num_feature_1707,0.8248693333333333,extra,num
num_feature_1026,0.8248693333333333,extra,num
num_feature_2193,0.8248693333333333,extra,num
num_feature_1685,0.8248693333333333,extra,num
num_feature_144,0.8248693333333333,extra,num
num_feature_150,0.8248693333333333,extra,num
num_feature_1051,0.8248693333333333,extra,num
num_feature_1664,0.8248693333333333,extra,num
num_feature_1943,0.8248693333333333,extra,num
num_feature_2198,0.8248693333333333,extra,num
num_feature_1721,0.8248693333333333,extra,num
num_feature_1651,0.8248693333333333,extra,num
num_feature_493,0.8248693333333333,extra,num
num_feature_2205,0.8248693333333333,extra,num
num_feature_171,0.8248693333333333,extra,num
num_feature_1728,0.8248693333333333,extra,num
num_feature_2354,0.8248693333333333,extra,num
num_feature_1628,0.8248693333333333,extra,num
num_feature_181,0.8248693333333333,extra,num
num_feature_1084,0.8248693333333333,extra,num
num_feature_1085,0.8248693333333333,extra,num
num_feature_1615,0.8248693333333333,extra,num
num_feature_1611,0.8248693333333333,extra,num
num_feature_423,0.8248693333333333,extra,num
num_feature_1908,0.8248693333333333,extra,num
num_feature_321,0.8248693333333333,extra,num
num_feature_1287,0.8248693333333333,extra,num
num_feature_1261,0.8248693333333333,extra,num
num_feature_1391,0.8248693333333333,extra,num
num_feature_2294,0.8248693333333333,extra,num
num_feature_2256,0.8248693333333333,extra,num
num_feature_291,0.8248693333333333,extra,num
num_feature_1827,0.8248693333333333,extra,num
num_feature_293,0.8248693333333333,extra,num
num_feature_297,0.8248693333333333,extra,num
num_feature_1279,0.8248693333333333,extra,num
num_feature_2264,0.8248693333333333,extra,num
num_feature_1283,0.8248693333333333,extra,num
num_feature_301,0.8248693333333333,extra,num
num_feature_1364,0.8248693333333333,extra,num
num_feature_1834,0.8248693333333333,extra,num
num_feature_1289,0.8248693333333333,extra,num
num_feature_2237,0.8248693333333333,extra,num
num_feature_1358,0.8248693333333333,extra,num
num_feature_1355,0.8248693333333333,extra,num
num_feature_1295,0.8248693333333333,extra,num
num_feature_986,0.8248693333333333,extra,num
num_feature_337,0.8248693333333333,extra,num
num_feature_1841,0.8248693333333333,extra,num
num_feature_1852,0.8248693333333333,extra,num
num_feature_330,0.8248693333333333,extra,num
num_feature_1321,0.8248693333333333,extra,num
num_feature_315,0.8248693333333333,extra,num
num_feature_1845,0.8248693333333333,extra,num
num_feature_1329,0.8248693333333333,extra,num
num_feature_323,0.8248693333333333,extra,num
num_feature_1332,0.8248693333333333,extra,num
num_feature_1399,0.8248693333333333,extra,num
num_feature_1252,0.8248693333333333,extra,num
num_feature_1407,0.8248693333333333,extra,num
num_feature_382,0.8248693333333333,extra,num
num_feature_1184,0.8248693333333333,extra,num
num_feature_1185,0.8248693333333333,extra,num
num_feature_415,0.8248693333333333,extra,num
num_feature_1187,0.8248693333333333,extra,num
num_feature_1188,0.8248693333333333,extra,num
num_feature_1190,0.8248693333333333,extra,num
num_feature_1191,0.8248693333333333,extra,num
num_feature_1197,0.8248693333333333,extra,num
num_feature_1498,0.8248693333333333,extra,num
num_feature_2313,0.8248693333333333,extra,num
num_feature_1200,0.8248693333333333,extra,num
num_feature_2241,0.8248693333333333,extra,num
num_feature_245,0.8248693333333333,extra,num
num_feature_1490,0.8248693333333333,extra,num
num_feature_249,0.8248693333333333,extra,num
num_feature_409,0.8248693333333333,extra,num
num_feature_1475,0.8248693333333333,extra,num
num_feature_1474,0.8248693333333333,extra,num
num_feature_2247,0.8248693333333333,extra,num
num_feature_2307,0.8248693333333333,extra,num
num_feature_1797,0.8248693333333333,extra,num
num_feature_1447,0.8248693333333333,extra,num
num_feature_1230,0.8248693333333333,extra,num
num_feature_2303,0.8248693333333333,extra,num
num_feature_1431,0.8248693333333333,extra,num
num_feature_2248,0.8248693333333333,extra,num
num_feature_1240,0.8248693333333333,extra,num
num_feature_2301,0.8248693333333333,extra,num
num_feature_278,0.8248693333333333,extra,num
num_feature_1350,0.8248693333333333,extra,num
num_feature_1202,0.8248693333333333,extra,num
num_feature_846,0.8248693333333333,extra,num
num_feature_896,0.8248693333333333,extra,num
num_feature_801,0.8248693333333333,extra,num
num_feature_798,0.8248693333333333,extra,num
num_feature_894,0.8248693333333333,extra,num
num_feature_2067,0.8248693333333333,extra,num
num_feature_786,0.8248693333333333,extra,num
num_feature_781,0.8248693333333333,extra,num
num_feature_2005,0.8248693333333333,extra,num
num_feature_808,0.8248693333333333,extra,num
num_feature_2030,0.8248693333333333,extra,num
num_feature_586,0.8248693333333333,extra,num
num_feature_2123,0.8248693333333333,extra,num
num_feature_534,0.8248693333333333,extra,num
num_feature_910,0.8248693333333333,extra,num
num_feature_935,0.8248693333333333,extra,num
num_feature_803,0.8248693333333333,extra,num
num_feature_630,0.8248693333333333,extra,num
num_feature_911,0.8248693333333333,extra,num
num_feature_610,0.8248693333333333,extra,num
num_feature_2038,0.8248693333333333,extra,num
num_feature_885,0.8248693333333333,extra,num
num_feature_554,0.8248693333333333,extra,num
num_feature_857,0.8248693333333333,extra,num
num_feature_592,0.8248693333333333,extra,num
num_feature_850,0.8248693333333333,extra,num
num_feature_848,0.8248693333333333,extra,num
num_feature_588,0.8248693333333333,extra,num
num_feature_888,0.8248693333333333,extra,num
num_feature_549,0.8248693333333333,extra,num
num_feature_2052,0.8248693333333333,extra,num
num_feature_2137,0.8248693333333333,extra,num
num_feature_590,0.8248693333333333,extra,num
num_feature_819,0.8248693333333333,extra,num
num_feature_2000,0.8248693333333333,extra,num
num_feature_947,0.8248693333333333,extra,num
num_feature_2157,0.8248693333333333,extra,num
num_feature_714,0.8248693333333333,extra,num
num_feature_725,0.8248693333333333,extra,num
num_feature_713,0.8248693333333333,extra,num
num_feature_2181,0.8248693333333333,extra,num
num_feature_697,0.8248693333333333,extra,num
num_feature_921,0.8248693333333333,extra,num
num_feature_730,0.8248693333333333,extra,num
num_feature_2025,0.8248693333333333,extra,num
num_feature_669,0.8248693333333333,extra,num
num_feature_567,0.8248693333333333,extra,num
num_feature_705,0.8248693333333333,extra,num
num_feature_2099,0.8248693333333333,extra,num
num_feature_2316,0.820844,extra,num
num_feature_1851,0.815836,extra,num
num_feature_1377,0.8152373333333334,extra,num
num_feature_263,0.8059573333333333,extra,num
num_feature_1913,0.8054466666666666,extra,num
num_feature_1455,0.8035146666666667,extra,num
num_feature_259,0.8019306666666667,extra,num
num_feature_2090,0.801124,extra,num
num_feature_426,0.8007546666666666,extra,num
num_feature_1995,0.7989933333333333,extra,num
num_feature_381,0.7950173333333334,extra,num
num_feature_1675,0.7914013333333333,extra,num
num_feature_880,0.7905146666666667,extra,num
num_feature_1774,0.7843093333333333,extra,num
num_feature_385,0.784056,extra,num
num_feature_717,0.7840066666666666,extra,num
num_feature_2271,0.7840066666666666,extra,num
num_feature_1427,0.783088,extra,num
num_feature_2239,0.783088,extra,num
num_feature_2072,0.779648,extra,num
num_feature_295,0.7787973333333333,extra,num
num_feature_760,0.7775333333333333,extra,num
num_feature_2278,0.7773333333333333,extra,num
num_feature_1619,0.7760866666666667,extra,num
num_feature_395,0.7718346666666667,extra,num
num_feature_976,0.7717866666666666,extra,num
num_feature_141,0.7715733333333333,extra,num
num_feature_1601,0.7677666666666667,extra,num
num_feature_1734,0.765412,extra,num
num_feature_1693,0.7628386666666667,extra,num
num_feature_963,0.7616373333333334,extra,num
num_feature_1891,0.7603053333333334,extra,num
num_feature_1128,0.7571533333333333,extra,num
num_feature_853,0.755396,extra,num
num_feature_2058,0.7528746666666667,extra,num
num_feature_1423,0.75254,extra,num
num_feature_1060,0.7468706666666667,extra,num
num_feature_2285,0.7468706666666667,extra,num
num_feature_1296,0.746336,extra,num
num_feature_631,0.736352,extra,num
num_feature_1674,0.7356026666666666,extra,num
num_feature_1956,0.735396,extra,num
num_feature_2343,0.7325813333333333,extra,num
num_feature_1156,0.7304213333333334,extra,num
num_feature_2224,0.727372,extra,num
num_feature_1305,0.7268666666666667,extra,num
num_feature_153,0.7254946666666666,extra,num
num_feature_1526,0.7241813333333333,extra,num
num_feature_210,0.723856,extra,num
num_feature_1988,0.7232973333333333,extra,num
num_feature_1812,0.7152333333333334,extra,num
num_feature_1502,0.7152333333333334,extra,num
num_feature_720,0.712896,extra,num
num_feature_1413,0.70562,extra,num
num_feature_2117,0.7038786666666667,extra,num
num_feature_279,0.6822626666666667,extra,num
num_feature_2055,0.6766413333333333,extra,num
num_feature_2145,0.6760026666666666,extra,num
num_feature_1986,0.6740746666666667,extra,num
num_feature_2006,0.6731573333333334,extra,num
num_feature_1092,0.6566586666666666,extra,num
num_feature_788,0.641988,extra,num
num_feature_1445,0.6415213333333334,extra,num
num_feature_2066,0.638648,extra,num
num_feature_1903,0.638648,extra,num
num_feature_1803,0.6374066666666667,extra,num
num_feature_597,0.6362346666666666,extra,num
num_feature_1120,0.6362346666666666,extra,num
num_feature_1203,0.6362346666666666,extra,num
num_feature_2155,0.6362346666666666,extra,num
num_feature_1172,0.6362346666666666,extra,num
num_feature_909,0.6362346666666666,extra,num
num_feature_1122,0.6362346666666666,extra,num
num_feature_807,0.6362346666666666,extra,num
num_feature_869,0.6362346666666666,extra,num
num_feature_1017,0.6362346666666666,extra,num
num_feature_1029,0.6362346666666666,extra,num
num_feature_1531,0.6362346666666666,extra,num
num_feature_1534,0.6362346666666666,extra,num
num_feature_510,0.6362346666666666,extra,num
num_feature_666,0.6362346666666666,extra,num
num_feature_197,0.6362346666666666,extra,num
num_feature_1614,0.6362346666666666,extra,num
num_feature_2122,0.6362346666666666,extra,num
num_feature_2351,0.6362346666666666,extra,num
num_feature_691,0.6362346666666666,extra,num
num_feature_1631,0.6362346666666666,extra,num
num_feature_1642,0.6362346666666666,extra,num
num_feature_2184,0.6362346666666666,extra,num
num_feature_2372,0.6362346666666666,extra,num
num_feature_2118,0.6362346666666666,extra,num
num_feature_1508,0.6362346666666666,extra,num
num_feature_865,0.6362346666666666,extra,num
num_feature_628,0.6362346666666666,extra,num
num_feature_1294,0.6362346666666666,extra,num
num_feature_864,0.6362346666666666,extra,num
num_feature_855,0.6362346666666666,extra,num
num_feature_2142,0.6362346666666666,extra,num
num_feature_1357,0.6362346666666666,extra,num
num_feature_623,0.6362346666666666,extra,num
num_feature_2172,0.6362346666666666,extra,num
num_feature_502,0.6362346666666666,extra,num
num_feature_1466,0.6362346666666666,extra,num
num_feature_636,0.6362346666666666,extra,num
num_feature_1468,0.6362346666666666,extra,num
num_feature_251,0.6362346666666666,extra,num
num_feature_649,0.6362346666666666,extra,num
num_feature_1507,0.6362346666666666,extra,num
num_feature_1158,0.6362346666666666,extra,num
num_feature_2104,0.632772,extra,num
num_feature_1691,0.629464,extra,num
num_feature_464,0.629464,extra,num
num_feature_1309,0.6229426666666666,extra,num
num_feature_2178,0.6193773333333333,extra,num
num_feature_1972,0.6193413333333333,extra,num
num_feature_2208,0.6193413333333333,extra,num
num_feature_1297,0.6193413333333333,extra,num
num_feature_225,0.6010213333333333,extra,num
num_feature_1429,0.5959173333333333,extra,num
num_feature_2322,0.5959173333333333,extra,num
num_feature_2269,0.5959173333333333,extra,num
num_feature_1207,0.5959173333333333,extra,num
num_feature_1563,0.5959173333333333,extra,num
num_feature_1808,0.5959173333333333,extra,num
num_feature_386,0.59214,extra,num
num_feature_509,0.586588,extra,num
num_feature_794,0.5850826666666666,extra,num
num_feature_1129,0.5850826666666666,extra,num
num_feature_1432,0.5850826666666666,extra,num
num_feature_711,0.5850826666666666,extra,num
num_feature_314,0.5711573333333333,extra,num
num_feature_1257,0.5711573333333333,extra,num
num_feature_1125,0.5688706666666666,extra,num
num_feature_387,0.5688333333333333,extra,num
num_feature_1015,0.567732,extra,num
num_feature_537,0.567732,extra,num
num_feature_1879,0.567732,extra,num
num_feature_1080,0.567732,extra,num
num_feature_1613,0.567732,extra,num
num_feature_884,0.567732,extra,num
num_feature_945,0.567732,extra,num
num_feature_1591,0.567732,extra,num
num_feature_1389,0.567732,extra,num
num_feature_1667,0.567732,extra,num
num_feature_2221,0.567732,extra,num
num_feature_2119,0.567732,extra,num
num_feature_1395,0.567732,extra,num
num_feature_641,0.567732,extra,num
num_feature_287,0.567732,extra,num
num_feature_391,0.567732,extra,num
num_feature_2297,0.567732,extra,num
num_feature_1014,0.567732,extra,num
num_feature_2165,0.567732,extra,num
num_feature_1383,0.567732,extra,num
num_feature_1032,0.567732,extra,num
num_feature_593,0.567732,extra,num
num_feature_1529,0.567732,extra,num
num_feature_551,0.567732,extra,num
num_feature_324,0.567732,extra,num
num_feature_1800,0.567732,extra,num
num_feature_735,0.567732,extra,num
num_feature_859,0.567732,extra,num
num_feature_1541,0.567732,extra,num
num_feature_660,0.567732,extra,num
num_feature_1056,0.567732,extra,num
num_feature_1854,0.567732,extra,num
num_feature_956,0.567732,extra,num
num_feature_1939,0.567732,extra,num
num_feature_1359,0.567732,extra,num
num_feature_1678,0.567732,extra,num
num_feature_224,0.567732,extra,num
num_feature_1544,0.567732,extra,num
num_feature_2131,0.567732,extra,num
num_feature_2346,0.567732,extra,num
num_feature_1634,0.567732,extra,num
num_feature_599,0.567732,extra,num
num_feature_1278,0.567732,extra,num
num_feature_759,0.567732,extra,num
num_feature_1923,0.567732,extra,num
num_feature_2358,0.567732,extra,num
num_feature_2012,0.567732,extra,num
num_feature_1759,0.567732,extra,num
num_feature_520,0.567732,extra,num
num_feature_505,0.567732,extra,num
num_feature_898,0.567732,extra,num
num_feature_421,0.567732,extra,num
num_feature_930,0.567732,extra,num
num_feature_917,0.567732,extra,num
num_feature_673,0.567732,extra,num
num_feature_2156,0.567732,extra,num
num_feature_1709,0.567732,extra,num
num_feature_934,0.567732,extra,num
num_feature_1511,0.567732,extra,num
num_feature_1998,0.567732,extra,num
num_feature_1126,0.567732,extra,num
num_feature_1008,0.567732,extra,num
num_feature_1622,0.567732,extra,num
num_feature_1750,0.567732,extra,num
num_feature_1758,0.567732,extra,num
num_feature_140,0.567732,extra,num
num_feature_1036,0.567732,extra,num
num_feature_1748,0.567732,extra,num
num_feature_933,0.567732,extra,num
num_feature_754,0.5608893333333334,extra,num
num_feature_142,0.5599706666666666,extra,num
num_feature_1796,0.559276,extra,num
num_feature_1744,0.559276,extra,num
num_feature_1658,0.559276,extra,num
num_feature_663,0.5591106666666666,extra,num
num_feature_965,0.5545533333333333,extra,num
num_feature_1575,0.55326,extra,num
num_feature_1414,0.55326,extra,num
num_feature_1626,0.5507986666666667,extra,num
num_feature_2282,0.5491546666666667,extra,num
num_feature_2048,0.54624,extra,num
num_feature_1147,0.540288,extra,num
num_feature_837,0.5278213333333334,extra,num
num_feature_1370,0.5216786666666666,extra,num
num_feature_1692,0.521484,extra,num
num_feature_338,0.51504,extra,num
num_feature_2265,0.5117093333333333,extra,num
num_feature_994,0.5010653333333334,extra,num
num_feature_868,0.49773466666666666,extra,num
num_feature_908,0.4909093333333333,extra,num
num_feature_2059,0.4807693333333333,extra,num
num_feature_1048,0.47729333333333335,extra,num
num_feature_1457,0.475696,extra,num
num_feature_1327,0.475696,extra,num
num_feature_1437,0.475696,extra,num
num_feature_260,0.475484,extra,num
num_feature_1333,0.475484,extra,num
num_feature_1924,0.475484,extra,num
num_feature_340,0.475484,extra,num
num_feature_1698,0.475484,extra,num
num_feature_1039,0.475484,extra,num
num_feature_1040,0.475484,extra,num
num_feature_1428,0.475484,extra,num
num_feature_1503,0.475484,extra,num
num_feature_1313,0.475484,extra,num
num_feature_2356,0.475484,extra,num
num_feature_922,0.475484,extra,num
num_feature_1320,0.475484,extra,num
num_feature_425,0.475484,extra,num
num_feature_721,0.475484,extra,num
num_feature_1640,0.475484,extra,num
num_feature_1315,0.475484,extra,num
num_feature_1022,0.475484,extra,num
num_feature_688,0.475484,extra,num
num_feature_334,0.475484,extra,num
num_feature_2230,0.475484,extra,num
num_feature_862,0.475484,extra,num
num_feature_424,0.475484,extra,num
num_feature_313,0.475484,extra,num
num_feature_2197,0.475484,extra,num
num_feature_690,0.475484,extra,num
num_feature_742,0.475484,extra,num
num_feature_1731,0.475484,extra,num
num_feature_840,0.475484,extra,num
num_feature_1754,0.475484,extra,num
num_feature_1444,0.475484,extra,num
num_feature_775,0.475484,extra,num
num_feature_2105,0.475484,extra,num
num_feature_255,0.475484,extra,num
num_feature_1576,0.475484,extra,num
num_feature_389,0.475484,extra,num
num_feature_1213,0.475484,extra,num
num_feature_393,0.475484,extra,num
num_feature_2014,0.475484,extra,num
num_feature_1479,0.475484,extra,num
num_feature_1227,0.475484,extra,num
num_feature_2326,0.475484,extra,num
num_feature_452,0.475484,extra,num
num_feature_283,0.475484,extra,num
num_feature_709,0.475484,extra,num
num_feature_1892,0.475484,extra,num
num_feature_938,0.475484,extra,num
num_feature_1965,0.475484,extra,num
num_feature_621,0.475484,extra,num
num_feature_1196,0.475484,extra,num
num_feature_377,0.475484,extra,num
num_feature_2171,0.475484,extra,num
num_feature_2300,0.475484,extra,num
num_feature_575,0.475484,extra,num
num_feature_2162,0.475484,extra,num
num_feature_1867,0.475484,extra,num
num_feature_1500,0.475484,extra,num
num_feature_664,0.475484,extra,num
num_feature_1110,0.475484,extra,num
num_feature_1439,0.475484,extra,num
num_feature_161,0.475484,extra,num
num_feature_1262,0.475484,extra,num
num_feature_202,0.475484,extra,num
num_feature_1687,0.475484,extra,num
num_feature_1433,0.475484,extra,num
num_feature_1568,0.468472,extra,num
num_feature_562,0.4654893333333333,extra,num
num_feature_459,0.46430533333333335,extra,num
num_feature_1586,0.46398,extra,num
num_feature_1459,0.46398,extra,num
num_feature_904,0.45852933333333334,extra,num
num_feature_646,0.45793466666666666,extra,num
num_feature_761,0.4578546666666667,extra,num
num_feature_971,0.4578546666666667,extra,num
num_feature_767,0.4555653333333333,extra,num
num_feature_1463,0.45425733333333335,extra,num
num_feature_1031,0.4527813333333333,extra,num
num_feature_591,0.4498106666666667,extra,num
num_feature_1549,0.44930533333333333,extra,num
num_feature_1624,0.446088,extra,num
num_feature_491,0.44510533333333335,extra,num
num_feature_2062,0.44476,extra,num
num_feature_320,0.44472266666666666,extra,num
num_feature_436,0.444712,extra,num
num_feature_2304,0.444712,extra,num
num_feature_1629,0.444712,extra,num
num_feature_822,0.444712,extra,num
num_feature_693,0.444712,extra,num
num_feature_204,0.444712,extra,num
num_feature_1962,0.444712,extra,num
num_feature_770,0.444712,extra,num
num_feature_518,0.444712,extra,num
num_feature_1837,0.444712,extra,num
num_feature_2096,0.444712,extra,num
num_feature_444,0.444712,extra,num
num_feature_1352,0.43004133333333333,extra,num
num_feature_1973,0.42512133333333335,extra,num
num_feature_1013,0.42512133333333335,extra,num
num_feature_1387,0.42512133333333335,extra,num
num_feature_498,0.42512133333333335,extra,num
num_feature_1430,0.42512133333333335,extra,num
num_feature_499,0.42512133333333335,extra,num
num_feature_1630,0.42512133333333335,extra,num
num_feature_739,0.42512133333333335,extra,num
num_feature_422,0.42512133333333335,extra,num
num_feature_2027,0.42512133333333335,extra,num
num_feature_1618,0.42512133333333335,extra,num
num_feature_585,0.42512133333333335,extra,num
num_feature_253,0.42512133333333335,extra,num
num_feature_1934,0.42512133333333335,extra,num
num_feature_1762,0.42512133333333335,extra,num
num_feature_469,0.42512133333333335,extra,num
num_feature_1625,0.42512133333333335,extra,num
num_feature_882,0.42512133333333335,extra,num
num_feature_1497,0.42512133333333335,extra,num
num_feature_708,0.42512133333333335,extra,num
num_feature_1926,0.42512133333333335,extra,num
num_feature_379,0.42512133333333335,extra,num
num_feature_926,0.42512133333333335,extra,num
num_feature_2060,0.42512133333333335,extra,num
num_feature_1091,0.42512133333333335,extra,num
num_feature_2334,0.42512133333333335,extra,num
num_feature_1590,0.42512133333333335,extra,num
num_feature_1537,0.42512133333333335,extra,num
num_feature_167,0.42512133333333335,extra,num
num_feature_763,0.42512133333333335,extra,num
num_feature_1449,0.42512133333333335,extra,num
num_feature_1099,0.42512133333333335,extra,num
num_feature_2277,0.42512133333333335,extra,num
num_feature_1304,0.42512133333333335,extra,num
num_feature_2233,0.42512133333333335,extra,num
num_feature_836,0.42512133333333335,extra,num
num_feature_595,0.42512133333333335,extra,num
num_feature_1659,0.41347333333333336,extra,num
num_feature_900,0.41347333333333336,extra,num
num_feature_2249,0.41347333333333336,extra,num
num_feature_364,0.41347333333333336,extra,num
num_feature_825,0.41347333333333336,extra,num
num_feature_2046,0.41347333333333336,extra,num
num_feature_2079,0.41347333333333336,extra,num
num_feature_1010,0.41347333333333336,extra,num
num_feature_2094,0.41347333333333336,extra,num
num_feature_2146,0.41347333333333336,extra,num
num_feature_601,0.41347333333333336,extra,num
num_feature_1193,0.41347333333333336,extra,num
num_feature_883,0.41347333333333336,extra,num
num_feature_1715,0.41347333333333336,extra,num
num_feature_1106,0.41113866666666665,extra,num
num_feature_2121,0.40539333333333333,extra,num
num_feature_1216,0.4010226666666667,extra,num
num_feature_817,0.392892,extra,num
num_feature_2203,0.392892,extra,num
num_feature_2235,0.392764,extra,num
num_feature_1334,0.37992,extra,num
num_feature_694,0.366704,extra,num
num_feature_2009,0.366704,extra,num
num_feature_2266,0.366704,extra,num
num_feature_1949,0.366704,extra,num
num_feature_1137,0.366704,extra,num
num_feature_252,0.366704,extra,num
num_feature_1371,0.366704,extra,num
num_feature_1978,0.366704,extra,num
num_feature_1469,0.36650133333333335,extra,num
num_feature_1794,0.36650133333333335,extra,num
num_feature_1476,0.36650133333333335,extra,num
num_feature_1602,0.36650133333333335,extra,num
num_feature_1063,0.36650133333333335,extra,num
num_feature_1959,0.36650133333333335,extra,num
num_feature_269,0.36650133333333335,extra,num
num_feature_254,0.36650133333333335,extra,num
num_feature_2110,0.36650133333333335,extra,num
num_feature_962,0.36650133333333335,extra,num
num_feature_670,0.36650133333333335,extra,num
num_feature_696,0.36650133333333335,extra,num
num_feature_163,0.36650133333333335,extra,num
num_feature_1417,0.36650133333333335,extra,num
num_feature_366,0.36650133333333335,extra,num
num_feature_1259,0.36650133333333335,extra,num
num_feature_159,0.36650133333333335,extra,num
num_feature_134,0.36650133333333335,extra,num
num_feature_380,0.36650133333333335,extra,num
num_feature_1111,0.36650133333333335,extra,num
num_feature_1716,0.36650133333333335,extra,num
num_feature_2169,0.36650133333333335,extra,num
num_feature_1668,0.36650133333333335,extra,num
num_feature_1558,0.36650133333333335,extra,num
num_feature_2244,0.36650133333333335,extra,num
num_feature_1212,0.36650133333333335,extra,num
num_feature_1135,0.36650133333333335,extra,num
num_feature_988,0.36650133333333335,extra,num
num_feature_1170,0.36650133333333335,extra,num
num_feature_699,0.36650133333333335,extra,num
num_feature_678,0.36650133333333335,extra,num
num_feature_2168,0.36650133333333335,extra,num
num_feature_594,0.36650133333333335,extra,num
num_feature_344,0.36650133333333335,extra,num
num_feature_326,0.36650133333333335,extra,num
num_feature_826,0.36650133333333335,extra,num
num_feature_620,0.36650133333333335,extra,num
num_feature_1376,0.36650133333333335,extra,num
num_feature_1831,0.36650133333333335,extra,num
num_feature_1582,0.36650133333333335,extra,num
num_feature_1302,0.36650133333333335,extra,num
num_feature_1643,0.36650133333333335,extra,num
num_feature_1330,0.36650133333333335,extra,num
num_feature_173,0.36650133333333335,extra,num
num_feature_1098,0.36650133333333335,extra,num
num_feature_244,0.36650133333333335,extra,num
num_feature_1310,0.36650133333333335,extra,num
num_feature_1855,0.36650133333333335,extra,num
num_feature_157,0.3484293333333333,extra,num
num_feature_1214,0.3484293333333333,extra,num
num_feature_2215,0.3484293333333333,extra,num
num_feature_2076,0.347432,extra,num
num_feature_1061,0.33658666666666665,extra,num
num_feature_2075,0.3365706666666667,extra,num
num_feature_1506,0.336056,extra,num
num_feature_1583,0.336056,extra,num
num_feature_1033,0.336056,extra,num
num_feature_193,0.336056,extra,num
num_feature_208,0.336056,extra,num
num_feature_762,0.336056,extra,num
num_feature_1585,0.336056,extra,num
num_feature_200,0.336056,extra,num
num_feature_501,0.336056,extra,num
num_feature_2337,0.336056,extra,num
num_feature_206,0.336056,extra,num
num_feature_745,0.336056,extra,num
num_feature_1495,0.336056,extra,num
num_feature_514,0.336056,extra,num
num_feature_2042,0.336056,extra,num
num_feature_578,0.336056,extra,num
num_feature_2291,0.336056,extra,num
num_feature_1835,0.336056,extra,num
num_feature_2140,0.336056,extra,num
num_feature_2371,0.336056,extra,num
num_feature_1714,0.336056,extra,num
num_feature_526,0.336056,extra,num
num_feature_2143,0.336056,extra,num
num_feature_1089,0.336056,extra,num
num_feature_1724,0.336056,extra,num
num_feature_1942,0.336056,extra,num
num_feature_1492,0.336056,extra,num
num_feature_1991,0.336056,extra,num
num_feature_858,0.336056,extra,num
num_feature_166,0.336056,extra,num
num_feature_331,0.336056,extra,num
num_feature_1676,0.336056,extra,num
num_feature_2011,0.336056,extra,num
num_feature_164,0.336056,extra,num
num_feature_1284,0.336056,extra,num
num_feature_356,0.336056,extra,num
num_feature_2259,0.336056,extra,num
num_feature_398,0.336056,extra,num
num_feature_881,0.336056,extra,num
num_feature_1993,0.336056,extra,num
num_feature_457,0.336056,extra,num
num_feature_1888,0.336056,extra,num
num_feature_615,0.336056,extra,num
num_feature_292,0.336056,extra,num
num_feature_2016,0.336056,extra,num
num_feature_1790,0.336056,extra,num
num_feature_1735,0.336056,extra,num
num_feature_682,0.336056,extra,num
num_feature_2109,0.336056,extra,num
num_feature_1464,0.336056,extra,num
num_feature_703,0.336056,extra,num
num_feature_258,0.336056,extra,num
num_feature_261,0.336056,extra,num
num_feature_1733,0.336056,extra,num
num_feature_492,0.336056,extra,num
num_feature_1699,0.336056,extra,num
num_feature_272,0.336056,extra,num
num_feature_991,0.336056,extra,num
num_feature_2161,0.336056,extra,num
num_feature_1632,0.336056,extra,num
num_feature_2136,0.336056,extra,num
num_feature_178,0.336056,extra,num
num_feature_470,0.336056,extra,num
num_feature_728,0.336056,extra,num
num_feature_984,0.336056,extra,num
num_feature_1234,0.32580533333333334,extra,num
num_feature_672,0.30872,extra,num
num_feature_1983,0.30872,extra,num
num_feature_1177,0.30872,extra,num
num_feature_403,0.30872,extra,num
num_feature_1206,0.30872,extra,num
num_feature_1927,0.30872,extra,num
num_feature_1130,0.30872,extra,num
num_feature_1136,0.30872,extra,num
num_feature_1141,0.30872,extra,num
num_feature_916,0.30872,extra,num
num_feature_1160,0.30872,extra,num
num_feature_535,0.30872,extra,num
num_feature_712,0.30872,extra,num
num_feature_1869,0.30872,extra,num
num_feature_744,0.30872,extra,num
num_feature_1067,0.30872,extra,num
num_feature_2080,0.30872,extra,num
num_feature_960,0.30872,extra,num
num_feature_1075,0.30872,extra,num
num_feature_814,0.30872,extra,num
num_feature_774,0.30872,extra,num
num_feature_474,0.30872,extra,num
num_feature_681,0.30872,extra,num
num_feature_1379,0.30872,extra,num
num_feature_468,0.30872,extra,num
num_feature_1030,0.30872,extra,num
num_feature_306,0.30872,extra,num
num_feature_189,0.30872,extra,num
num_feature_603,0.30872,extra,num
num_feature_165,0.30872,extra,num
num_feature_1000,0.30872,extra,num
num_feature_532,0.30872,extra,num
num_feature_2290,0.30872,extra,num
num_feature_731,0.2994,extra,num
num_feature_734,0.2994,extra,num
num_feature_2228,0.2994,extra,num
num_feature_1087,0.2994,extra,num
num_feature_1477,0.2994,extra,num
num_feature_1178,0.2994,extra,num
num_feature_1909,0.2994,extra,num
num_feature_1183,0.2994,extra,num
num_feature_383,0.2994,extra,num
num_feature_1290,0.2994,extra,num
num_feature_1319,0.2994,extra,num
num_feature_1579,0.2994,extra,num
num_feature_2286,0.2994,extra,num
num_feature_616,0.2994,extra,num
num_feature_1401,0.2994,extra,num
num_feature_1076,0.2994,extra,num
num_feature_985,0.2994,extra,num
num_feature_1572,0.2994,extra,num
num_feature_1977,0.29704933333333333,extra,num
num_feature_2251,0.29704933333333333,extra,num
num_feature_2186,0.29704933333333333,extra,num
num_feature_2223,0.29704933333333333,extra,num
num_feature_1889,0.29704933333333333,extra,num
num_feature_2015,0.29704933333333333,extra,num
num_feature_2032,0.29704933333333333,extra,num
num_feature_2033,0.29704933333333333,extra,num
num_feature_2167,0.29704933333333333,extra,num
num_feature_2035,0.29704933333333333,extra,num
num_feature_2191,0.29704933333333333,extra,num
num_feature_2360,0.29704933333333333,extra,num
num_feature_1878,0.29704933333333333,extra,num
num_feature_2252,0.29704933333333333,extra,num
num_feature_1893,0.29704933333333333,extra,num
num_feature_2258,0.29704933333333333,extra,num
num_feature_2261,0.29704933333333333,extra,num
num_feature_2039,0.29704933333333333,extra,num
num_feature_2150,0.29704933333333333,extra,num
num_feature_1997,0.29704933333333333,extra,num
num_feature_2040,0.29704933333333333,extra,num
num_feature_1765,0.29704933333333333,extra,num
num_feature_2268,0.29704933333333333,extra,num
num_feature_1938,0.29704933333333333,extra,num
num_feature_2339,0.29704933333333333,extra,num
num_feature_2185,0.29704933333333333,extra,num
num_feature_2245,0.29704933333333333,extra,num
num_feature_1941,0.29704933333333333,extra,num
num_feature_2088,0.29704933333333333,extra,num
num_feature_1920,0.29704933333333333,extra,num
num_feature_1706,0.29704933333333333,extra,num
num_feature_1917,0.29704933333333333,extra,num
num_feature_2234,0.29704933333333333,extra,num
num_feature_2226,0.29704933333333333,extra,num
num_feature_2159,0.29704933333333333,extra,num
num_feature_1996,0.29704933333333333,extra,num
num_feature_2183,0.29704933333333333,extra,num
num_feature_2236,0.29704933333333333,extra,num
num_feature_2113,0.29704933333333333,extra,num
num_feature_2225,0.29704933333333333,extra,num
num_feature_1895,0.29704933333333333,extra,num
num_feature_1904,0.29704933333333333,extra,num
num_feature_2240,0.29704933333333333,extra,num
num_feature_2164,0.29704933333333333,extra,num
num_feature_2101,0.29704933333333333,extra,num
num_feature_2106,0.29704933333333333,extra,num
num_feature_2368,0.29704933333333333,extra,num
num_feature_2367,0.29704933333333333,extra,num
num_feature_1901,0.29704933333333333,extra,num
num_feature_1899,0.29704933333333333,extra,num
num_feature_1897,0.29704933333333333,extra,num
num_feature_2279,0.29704933333333333,extra,num
num_feature_2043,0.29704933333333333,extra,num
num_feature_1736,0.29704933333333333,extra,num
num_feature_1818,0.29704933333333333,extra,num
num_feature_1816,0.29704933333333333,extra,num
num_feature_1954,0.29704933333333333,extra,num
num_feature_2209,0.29704933333333333,extra,num
num_feature_2179,0.29704933333333333,extra,num
num_feature_1809,0.29704933333333333,extra,num
num_feature_1807,0.29704933333333333,extra,num
num_feature_2132,0.29704933333333333,extra,num
num_feature_1805,0.29704933333333333,extra,num
num_feature_2176,0.29704933333333333,extra,num
num_feature_2201,0.29704933333333333,extra,num
num_feature_1799,0.29704933333333333,extra,num
num_feature_2065,0.29704933333333333,extra,num
num_feature_2177,0.29704933333333333,extra,num
num_feature_2129,0.29704933333333333,extra,num
num_feature_2128,0.29704933333333333,extra,num
num_feature_2347,0.29704933333333333,extra,num
num_feature_1791,0.29704933333333333,extra,num
num_feature_2310,0.29704933333333333,extra,num
num_feature_1783,0.29704933333333333,extra,num
num_feature_2314,0.29704933333333333,extra,num
num_feature_2126,0.29704933333333333,extra,num
num_feature_2315,0.29704933333333333,extra,num
num_feature_2329,0.29704933333333333,extra,num
num_feature_1737,0.29704933333333333,extra,num
num_feature_2133,0.29704933333333333,extra,num
num_feature_1847,0.29704933333333333,extra,num
num_feature_2056,0.29704933333333333,extra,num
num_feature_2095,0.29704933333333333,extra,num
num_feature_2044,0.29704933333333333,extra,num
num_feature_1840,0.29704933333333333,extra,num
num_feature_1727,0.29704933333333333,extra,num
num_feature_1946,0.29704933333333333,extra,num
num_feature_1769,0.29704933333333333,extra,num
num_feature_2335,0.29704933333333333,extra,num
num_feature_2049,0.29704933333333333,extra,num
num_feature_2289,0.29704933333333333,extra,num
num_feature_2051,0.29704933333333333,extra,num
num_feature_1989,0.29704933333333333,extra,num
num_feature_2352,0.29704933333333333,extra,num
num_feature_1948,0.29704933333333333,extra,num
num_feature_1740,0.29704933333333333,extra,num
num_feature_2293,0.29704933333333333,extra,num
num_feature_2054,0.29704933333333333,extra,num
num_feature_2188,0.29704933333333333,extra,num
num_feature_1824,0.29704933333333333,extra,num
num_feature_1823,0.29704933333333333,extra,num
num_feature_2296,0.29704933333333333,extra,num
num_feature_2134,0.29704933333333333,extra,num
num_feature_1822,0.29704933333333333,extra,num
num_feature_1739,0.29704933333333333,extra,num
num_feature_1746,0.29704933333333333,extra,num
num_feature_2373,0.29704933333333333,extra,num
num_feature_1702,0.29704933333333333,extra,num
num_feature_903,0.29704933333333333,extra,num
num_feature_830,0.29704933333333333,extra,num
num_feature_844,0.29704933333333333,extra,num
num_feature_847,0.29704933333333333,extra,num
num_feature_851,0.29704933333333333,extra,num
num_feature_1701,0.29704933333333333,extra,num
num_feature_895,0.29704933333333333,extra,num
num_feature_897,0.29704933333333333,extra,num
num_feature_913,0.29704933333333333,extra,num
num_feature_799,0.29704933333333333,extra,num
num_feature_931,0.29704933333333333,extra,num
num_feature_948,0.29704933333333333,extra,num
num_feature_951,0.29704933333333333,extra,num
num_feature_961,0.29704933333333333,extra,num
num_feature_966,0.29704933333333333,extra,num
num_feature_973,0.29704933333333333,extra,num
num_feature_974,0.29704933333333333,extra,num
num_feature_829,0.29704933333333333,extra,num
num_feature_797,0.29704933333333333,extra,num
num_feature_980,0.29704933333333333,extra,num
num_feature_726,0.29704933333333333,extra,num
num_feature_677,0.29704933333333333,extra,num
num_feature_695,0.29704933333333333,extra,num
num_feature_700,0.29704933333333333,extra,num
num_feature_701,0.29704933333333333,extra,num
num_feature_710,0.29704933333333333,extra,num
num_feature_716,0.29704933333333333,extra,num
num_feature_718,0.29704933333333333,extra,num
num_feature_733,0.29704933333333333,extra,num
num_feature_796,0.29704933333333333,extra,num
num_feature_752,0.29704933333333333,extra,num
num_feature_758,0.29704933333333333,extra,num
num_feature_776,0.29704933333333333,extra,num
num_feature_779,0.29704933333333333,extra,num
num_feature_782,0.29704933333333333,extra,num
num_feature_784,0.29704933333333333,extra,num
num_feature_790,0.29704933333333333,extra,num
num_feature_977,0.29704933333333333,extra,num
num_feature_992,0.29704933333333333,extra,num
num_feature_1274,0.29704933333333333,extra,num
num_feature_1208,0.29704933333333333,extra,num
num_feature_1169,0.29704933333333333,extra,num
num_feature_1180,0.29704933333333333,extra,num
num_feature_1181,0.29704933333333333,extra,num
num_feature_1189,0.29704933333333333,extra,num
num_feature_1192,0.29704933333333333,extra,num
num_feature_1195,0.29704933333333333,extra,num
num_feature_1201,0.29704933333333333,extra,num
num_feature_1221,0.29704933333333333,extra,num
num_feature_1152,0.29704933333333333,extra,num
num_feature_1222,0.29704933333333333,extra,num
num_feature_1225,0.29704933333333333,extra,num
num_feature_1231,0.29704933333333333,extra,num
num_feature_1238,0.29704933333333333,extra,num
num_feature_1239,0.29704933333333333,extra,num
num_feature_1246,0.29704933333333333,extra,num
num_feature_1251,0.29704933333333333,extra,num
num_feature_1163,0.29704933333333333,extra,num
num_feature_1146,0.29704933333333333,extra,num
num_feature_998,0.29704933333333333,extra,num
num_feature_1074,0.29704933333333333,extra,num
num_feature_1028,0.29704933333333333,extra,num
num_feature_1035,0.29704933333333333,extra,num
num_feature_1047,0.29704933333333333,extra,num
num_feature_1052,0.29704933333333333,extra,num
num_feature_1055,0.29704933333333333,extra,num
num_feature_1065,0.29704933333333333,extra,num
num_feature_1072,0.29704933333333333,extra,num
num_feature_1083,0.29704933333333333,extra,num
num_feature_1138,0.29704933333333333,extra,num
num_feature_1088,0.29704933333333333,extra,num
num_feature_1094,0.29704933333333333,extra,num
num_feature_1095,0.29704933333333333,extra,num
num_feature_1103,0.29704933333333333,extra,num
num_feature_1105,0.29704933333333333,extra,num
num_feature_1108,0.29704933333333333,extra,num
num_feature_1133,0.29704933333333333,extra,num
num_feature_659,0.29704933333333333,extra,num
num_feature_658,0.29704933333333333,extra,num
num_feature_657,0.29704933333333333,extra,num
num_feature_286,0.29704933333333333,extra,num
num_feature_242,0.29704933333333333,extra,num
num_feature_243,0.29704933333333333,extra,num
num_feature_246,0.29704933333333333,extra,num
num_feature_250,0.29704933333333333,extra,num
num_feature_266,0.29704933333333333,extra,num
num_feature_270,0.29704933333333333,extra,num
num_feature_277,0.29704933333333333,extra,num
num_feature_289,0.29704933333333333,extra,num
num_feature_235,0.29704933333333333,extra,num
num_feature_294,0.29704933333333333,extra,num
num_feature_303,0.29704933333333333,extra,num
num_feature_308,0.29704933333333333,extra,num
num_feature_317,0.29704933333333333,extra,num
num_feature_318,0.29704933333333333,extra,num
num_feature_336,0.29704933333333333,extra,num
num_feature_343,0.29704933333333333,extra,num
num_feature_238,0.29704933333333333,extra,num
num_feature_234,0.29704933333333333,extra,num
num_feature_653,0.29704933333333333,extra,num
num_feature_195,0.29704933333333333,extra,num
num_feature_143,0.29704933333333333,extra,num
num_feature_146,0.29704933333333333,extra,num
num_feature_156,0.29704933333333333,extra,num
num_feature_172,0.29704933333333333,extra,num
num_feature_180,0.29704933333333333,extra,num
num_feature_190,0.29704933333333333,extra,num
num_feature_192,0.29704933333333333,extra,num
num_feature_214,0.29704933333333333,extra,num
num_feature_233,0.29704933333333333,extra,num
num_feature_215,0.29704933333333333,extra,num
num_feature_218,0.29704933333333333,extra,num
num_feature_219,0.29704933333333333,extra,num
num_feature_220,0.29704933333333333,extra,num
num_feature_226,0.29704933333333333,extra,num
num_feature_230,0.29704933333333333,extra,num
num_feature_231,0.29704933333333333,extra,num
num_feature_346,0.29704933333333333,extra,num
num_feature_350,0.29704933333333333,extra,num
num_feature_361,0.29704933333333333,extra,num
num_feature_564,0.29704933333333333,extra,num
num_feature_519,0.29704933333333333,extra,num
num_feature_541,0.29704933333333333,extra,num
num_feature_542,0.29704933333333333,extra,num
num_feature_543,0.29704933333333333,extra,num
num_feature_557,0.29704933333333333,extra,num
num_feature_558,0.29704933333333333,extra,num
num_feature_559,0.29704933333333333,extra,num
num_feature_573,0.29704933333333333,extra,num
num_feature_373,0.29704933333333333,extra,num
num_feature_574,0.29704933333333333,extra,num
num_feature_584,0.29704933333333333,extra,num
num_feature_587,0.29704933333333333,extra,num
num_feature_608,0.29704933333333333,extra,num
num_feature_618,0.29704933333333333,extra,num
num_feature_625,0.29704933333333333,extra,num
num_feature_639,0.29704933333333333,extra,num
num_feature_513,0.29704933333333333,extra,num
num_feature_500,0.29704933333333333,extra,num
num_feature_496,0.29704933333333333,extra,num
num_feature_483,0.29704933333333333,extra,num
num_feature_378,0.29704933333333333,extra,num
num_feature_388,0.29704933333333333,extra,num
num_feature_401,0.29704933333333333,extra,num
num_feature_408,0.29704933333333333,extra,num
num_feature_410,0.29704933333333333,extra,num
num_feature_414,0.29704933333333333,extra,num
num_feature_416,0.29704933333333333,extra,num
num_feature_432,0.29704933333333333,extra,num
num_feature_433,0.29704933333333333,extra,num
num_feature_435,0.29704933333333333,extra,num
num_feature_442,0.29704933333333333,extra,num
num_feature_443,0.29704933333333333,extra,num
num_feature_451,0.29704933333333333,extra,num
num_feature_467,0.29704933333333333,extra,num
num_feature_481,0.29704933333333333,extra,num
num_feature_1273,0.29704933333333333,extra,num
num_feature_872,0.29704933333333333,extra,num
num_feature_1489,0.29704933333333333,extra,num
num_feature_1535,0.29704933333333333,extra,num
num_feature_1517,0.29704933333333333,extra,num
num_feature_1514,0.29704933333333333,extra,num
num_feature_1513,0.29704933333333333,extra,num
num_feature_1505,0.29704933333333333,extra,num
num_feature_1486,0.29704933333333333,extra,num
num_feature_1318,0.29704933333333333,extra,num
num_feature_1482,0.29704933333333333,extra,num
num_feature_1325,0.29704933333333333,extra,num
num_feature_1480,0.29704933333333333,extra,num
num_feature_1336,0.29704933333333333,extra,num
num_feature_1471,0.29704933333333333,extra,num
num_feature_1461,0.29704933333333333,extra,num
num_feature_1456,0.29704933333333333,extra,num
num_feature_1453,0.29704933333333333,extra,num
num_feature_1451,0.29704933333333333,extra,num
num_feature_1450,0.29704933333333333,extra,num
num_feature_1442,0.29704933333333333,extra,num
num_feature_1435,0.29704933333333333,extra,num
num_feature_1426,0.29704933333333333,extra,num
num_feature_1342,0.29704933333333333,extra,num
num_feature_1422,0.29704933333333333,extra,num
num_feature_1418,0.29704933333333333,extra,num
num_feature_1416,0.29704933333333333,extra,num
num_feature_1405,0.29704933333333333,extra,num
num_feature_1386,0.29704933333333333,extra,num
num_feature_1380,0.29704933333333333,extra,num
num_feature_1363,0.29704933333333333,extra,num
num_feature_1525,0.29704933333333333,extra,num
num_feature_1510,0.29704933333333333,extra,num
num_feature_1543,0.29704933333333333,extra,num
num_feature_1589,0.29704933333333333,extra,num
num_feature_1697,0.29704933333333333,extra,num
num_feature_1689,0.29704933333333333,extra,num
num_feature_1681,0.29704933333333333,extra,num
num_feature_1657,0.29704933333333333,extra,num
num_feature_1650,0.29704933333333333,extra,num
num_feature_1646,0.29704933333333333,extra,num
num_feature_1546,0.29704933333333333,extra,num
num_feature_1644,0.29704933333333333,extra,num
num_feature_1612,0.29704933333333333,extra,num
num_feature_1606,0.29704933333333333,extra,num
num_feature_1604,0.29704933333333333,extra,num
num_feature_1645,0.29704933333333333,extra,num
num_feature_1555,0.29704933333333333,extra,num
num_feature_1573,0.29704933333333333,extra,num
num_feature_1547,0.29704933333333333,extra,num
num_feature_1561,0.29704933333333333,extra,num
num_feature_1552,0.29704933333333333,extra,num
num_feature_1557,0.29704933333333333,extra,num
num_feature_1300,0.29704933333333333,extra,num
num_feature_1672,0.294384,extra,num
num_feature_946,0.29208,extra,num
num_feature_503,0.29208,extra,num
num_feature_147,0.291204,extra,num
num_feature_1265,0.291204,extra,num
num_feature_480,0.288652,extra,num
num_feature_1021,0.288644,extra,num
num_feature_2357,0.288608,extra,num
num_feature_2098,0.28840266666666664,extra,num
num_feature_352,0.27453866666666665,extra,num
num_feature_1390,0.27453866666666665,extra,num
num_feature_1384,0.26419333333333334,extra,num
num_feature_1960,0.26419333333333334,extra,num
num_feature_1680,0.26419333333333334,extra,num
num_feature_1019,0.26419333333333334,extra,num
num_feature_1814,0.26419333333333334,extra,num
num_feature_1940,0.26419333333333334,extra,num
num_feature_828,0.26419333333333334,extra,num
num_feature_1485,0.26419333333333334,extra,num
num_feature_772,0.26419333333333334,extra,num
num_feature_1353,0.26419333333333334,extra,num
num_feature_133,0.26419333333333334,extra,num
num_feature_1301,0.26419333333333334,extra,num
num_feature_867,0.263932,extra,num
num_feature_2202,0.263932,extra,num
num_feature_2207,0.263932,extra,num
num_feature_1556,0.263932,extra,num
num_feature_476,0.263932,extra,num
num_feature_2212,0.263932,extra,num
num_feature_842,0.263932,extra,num
num_feature_473,0.263932,extra,num
num_feature_866,0.263932,extra,num
num_feature_445,0.263932,extra,num
num_feature_1299,0.263932,extra,num
num_feature_440,0.263932,extra,num
num_feature_887,0.263932,extra,num
num_feature_437,0.263932,extra,num
num_feature_892,0.263932,extra,num
num_feature_1565,0.263932,extra,num
num_feature_1712,0.263932,extra,num
num_feature_402,0.263932,extra,num
num_feature_1409,0.263932,extra,num
num_feature_878,0.263932,extra,num
num_feature_1268,0.263932,extra,num
num_feature_2342,0.263932,extra,num
num_feature_2071,0.263932,extra,num
num_feature_1515,0.263932,extra,num
num_feature_626,0.263932,extra,num
num_feature_1648,0.263932,extra,num
num_feature_643,0.263932,extra,num
num_feature_1720,0.263932,extra,num
num_feature_1660,0.263932,extra,num
num_feature_2166,0.263932,extra,num
num_feature_547,0.263932,extra,num
num_feature_222,0.263932,extra,num
num_feature_729,0.263932,extra,num
num_feature_1662,0.263932,extra,num
num_feature_527,0.263932,extra,num
num_feature_2085,0.263932,extra,num
num_feature_771,0.263932,extra,num
num_feature_1666,0.263932,extra,num
num_feature_1554,0.263932,extra,num
num_feature_497,0.263932,extra,num
num_feature_996,0.263932,extra,num
num_feature_2141,0.263932,extra,num
num_feature_1970,0.263932,extra,num
num_feature_1096,0.263932,extra,num
num_feature_2308,0.263932,extra,num
num_feature_1944,0.263932,extra,num
num_feature_1700,0.263932,extra,num
num_feature_1345,0.263932,extra,num
num_feature_1291,0.263932,extra,num
num_feature_1361,0.263932,extra,num
num_feature_1348,0.263932,extra,num
num_feature_1594,0.263932,extra,num
num_feature_1119,0.263932,extra,num
num_feature_309,0.263932,extra,num
num_feature_1911,0.2624533333333333,extra,num
num_feature_2196,0.2624533333333333,extra,num
num_feature_1597,0.2624533333333333,extra,num
num_feature_1454,0.2624533333333333,extra,num
num_feature_1548,0.2624533333333333,extra,num
num_feature_216,0.2624533333333333,extra,num
num_feature_511,0.2624533333333333,extra,num
num_feature_504,0.2624533333333333,extra,num
num_feature_753,0.2624533333333333,extra,num
num_feature_780,0.2624533333333333,extra,num
num_feature_1226,0.2624533333333333,extra,num
num_feature_2309,0.2624533333333333,extra,num
num_feature_1372,0.2624533333333333,extra,num
num_feature_1830,0.2624533333333333,extra,num
num_feature_1081,0.2624533333333333,extra,num
num_feature_1958,0.2624533333333333,extra,num
num_feature_305,0.2624533333333333,extra,num
num_feature_1446,0.2624533333333333,extra,num
num_feature_307,0.2624533333333333,extra,num
num_feature_485,0.2624533333333333,extra,num
num_feature_805,0.2624533333333333,extra,num
num_feature_812,0.2624533333333333,extra,num
num_feature_815,0.2624533333333333,extra,num
num_feature_818,0.2624533333333333,extra,num
num_feature_1887,0.2624533333333333,extra,num
num_feature_1804,0.2624533333333333,extra,num
num_feature_288,0.2624533333333333,extra,num
num_feature_531,0.2624533333333333,extra,num
num_feature_1249,0.2624533333333333,extra,num
num_feature_1900,0.2624533333333333,extra,num
num_feature_273,0.2624533333333333,extra,num
num_feature_606,0.2624533333333333,extra,num
num_feature_2149,0.2624533333333333,extra,num
num_feature_602,0.2624533333333333,extra,num
num_feature_1316,0.2624533333333333,extra,num
num_feature_633,0.2624533333333333,extra,num
num_feature_637,0.2624533333333333,extra,num
num_feature_1204,0.2624533333333333,extra,num
num_feature_1518,0.2624533333333333,extra,num
num_feature_1102,0.2624533333333333,extra,num
num_feature_1781,0.2624533333333333,extra,num
num_feature_2158,0.2624533333333333,extra,num
num_feature_2120,0.2624533333333333,extra,num
num_feature_2328,0.2624533333333333,extra,num
num_feature_1472,0.2624533333333333,extra,num
num_feature_675,0.2624533333333333,extra,num
num_feature_570,0.2624533333333333,extra,num
num_feature_2114,0.2624533333333333,extra,num
num_feature_2112,0.2624533333333333,extra,num
num_feature_568,0.2624533333333333,extra,num
num_feature_1199,0.2624533333333333,extra,num
num_feature_281,0.2624533333333333,extra,num
num_feature_2330,0.2624533333333333,extra,num
num_feature_2103,0.2624533333333333,extra,num
num_feature_556,0.2624533333333333,extra,num
num_feature_1314,0.2624533333333333,extra,num
num_feature_1322,0.2624533333333333,extra,num
num_feature_1186,0.2624533333333333,extra,num
num_feature_838,0.2624533333333333,extra,num
num_feature_1961,0.2624533333333333,extra,num
num_feature_841,0.2624533333333333,extra,num
num_feature_915,0.2624533333333333,extra,num
num_feature_2243,0.2624533333333333,extra,num
num_feature_325,0.2624533333333333,extra,num
num_feature_1050,0.2624533333333333,extra,num
num_feature_942,0.2624533333333333,extra,num
num_feature_399,0.2624533333333333,extra,num
num_feature_1747,0.2624533333333333,extra,num
num_feature_2311,0.2624533333333333,extra,num
num_feature_1411,0.2624533333333333,extra,num
num_feature_1410,0.2624533333333333,extra,num
num_feature_1408,0.2624533333333333,extra,num
num_feature_2254,0.2624533333333333,extra,num
num_feature_365,0.2624533333333333,extra,num
num_feature_362,0.2624533333333333,extra,num
num_feature_979,0.2624533333333333,extra,num
num_feature_2260,0.2624533333333333,extra,num
num_feature_982,0.2624533333333333,extra,num
num_feature_989,0.2624533333333333,extra,num
num_feature_359,0.2624533333333333,extra,num
num_feature_354,0.2624533333333333,extra,num
num_feature_162,0.2624533333333333,extra,num
num_feature_1001,0.2624533333333333,extra,num
num_feature_1020,0.2624533333333333,extra,num
num_feature_1006,0.2624533333333333,extra,num
num_feature_349,0.2624533333333333,extra,num
num_feature_347,0.2624533333333333,extra,num
num_feature_1243,0.2624533333333333,extra,num
num_feature_2273,0.2624533333333333,extra,num
num_feature_918,0.2624533333333333,extra,num
num_feature_941,0.2624533333333333,extra,num
num_feature_2280,0.2624533333333333,extra,num
num_feature_1044,0.2624533333333333,extra,num
num_feature_1042,0.2624533333333333,extra,num
num_feature_322,0.2624533333333333,extra,num
num_feature_1866,0.2624533333333333,extra,num
num_feature_906,0.2624533333333333,extra,num
num_feature_1876,0.2624533333333333,extra,num
num_feature_612,0.2624533333333333,extra,num
num_feature_2348,0.2624533333333333,extra,num
num_feature_1562,0.2624533333333333,extra,num
num_feature_1043,0.2624533333333333,extra,num
num_feature_1918,0.2624533333333333,extra,num
num_feature_843,0.2624533333333333,extra,num
num_feature_1757,0.2624533333333333,extra,num
num_feature_1421,0.2624533333333333,extra,num
num_feature_1633,0.240828,extra,num
num_feature_1523,0.240828,extra,num
num_feature_2200,0.240828,extra,num
num_feature_176,0.240828,extra,num
num_feature_1369,0.240828,extra,num
num_feature_581,0.240828,extra,num
num_feature_1317,0.240828,extra,num
num_feature_856,0.240828,extra,num
num_feature_450,0.240828,extra,num
num_feature_1123,0.240828,extra,num
num_feature_622,0.240828,extra,num
num_feature_1982,0.240828,extra,num
num_feature_613,0.240828,extra,num
num_feature_367,0.240828,extra,num
num_feature_201,0.240828,extra,num
num_feature_1219,0.240828,extra,num
num_feature_374,0.240828,extra,num
num_feature_719,0.240828,extra,num
num_feature_2182,0.240828,extra,num
num_feature_1068,0.240828,extra,num
num_feature_525,0.240828,extra,num
num_feature_149,0.240828,extra,num
num_feature_2020,0.240828,extra,num
num_feature_925,0.240828,extra,num
num_feature_1069,0.240828,extra,num
num_feature_1218,0.240828,extra,num
num_feature_327,0.240828,extra,num
num_feature_516,0.214536,extra,num
num_feature_342,0.214536,extra,num
num_feature_521,0.214536,extra,num
num_feature_1884,0.214536,extra,num
num_feature_413,0.214536,extra,num
num_feature_2217,0.214536,extra,num
num_feature_1571,0.214536,extra,num
num_feature_1620,0.214536,extra,num
num_feature_353,0.214536,extra,num
num_feature_341,0.214536,extra,num
num_feature_284,0.214536,extra,num
num_feature_1755,0.214536,extra,num
num_feature_488,0.214536,extra,num
num_feature_372,0.214536,extra,num
num_feature_561,0.214536,extra,num
num_feature_241,0.214536,extra,num
num_feature_583,0.214536,extra,num
num_feature_656,0.214536,extra,num
num_feature_1118,0.214536,extra,num
num_feature_194,0.214536,extra,num
num_feature_1005,0.214536,extra,num
num_feature_1789,0.214536,extra,num
num_feature_901,0.214536,extra,num
num_feature_706,0.214536,extra,num
num_feature_1057,0.214536,extra,num
num_feature_1004,0.214536,extra,num
num_feature_757,0.214536,extra,num
num_feature_2034,0.214536,extra,num
num_feature_1145,0.214536,extra,num
num_feature_2359,0.214536,extra,num
num_feature_1684,0.214536,extra,num
num_feature_2111,0.214536,extra,num
num_feature_1971,0.214536,extra,num
num_feature_1976,0.214536,extra,num
num_feature_1143,0.214536,extra,num
num_feature_614,0.214536,extra,num
num_feature_1440,0.214536,extra,num
num_feature_1347,0.214536,extra,num
num_feature_1403,0.214536,extra,num
num_feature_1839,0.214536,extra,num
num_feature_750,0.214536,extra,num
num_feature_642,0.214536,extra,num
num_feature_1653,0.214536,extra,num
num_feature_1743,0.21333733333333332,extra,num
num_feature_458,0.21333733333333332,extra,num
num_feature_1179,0.21333733333333332,extra,num
num_feature_609,0.21333733333333332,extra,num
num_feature_804,0.21333733333333332,extra,num
num_feature_512,0.21333733333333332,extra,num
num_feature_2345,0.21333733333333332,extra,num
num_feature_494,0.21333733333333332,extra,num
num_feature_655,0.21333733333333332,extra,num
num_feature_1245,0.21333733333333332,extra,num
num_feature_2302,0.21333733333333332,extra,num
num_feature_604,0.21333733333333332,extra,num
num_feature_1217,0.21333733333333332,extra,num
num_feature_545,0.21333733333333332,extra,num
num_feature_1861,0.21333733333333332,extra,num
num_feature_2350,0.21333733333333332,extra,num
num_feature_1641,0.21333733333333332,extra,num
num_feature_462,0.20603466666666667,extra,num
num_feature_2195,0.20603466666666667,extra,num
num_feature_538,0.20603466666666667,extra,num
num_feature_375,0.20603466666666667,extra,num
num_feature_332,0.20603466666666667,extra,num
num_feature_2319,0.20603466666666667,extra,num
num_feature_1963,0.20603466666666667,extra,num
num_feature_1009,0.20603466666666667,extra,num
num_feature_1919,0.20577333333333334,extra,num
num_feature_845,0.20577333333333334,extra,num
num_feature_1587,0.20577333333333334,extra,num
num_feature_1696,0.20577333333333334,extra,num
num_feature_2023,0.20577333333333334,extra,num
num_feature_1928,0.20577333333333334,extra,num
num_feature_463,0.20577333333333334,extra,num
num_feature_943,0.20577333333333334,extra,num
num_feature_890,0.20577333333333334,extra,num
num_feature_2353,0.20577333333333334,extra,num
num_feature_1753,0.20577333333333334,extra,num
num_feature_1424,0.20577333333333334,extra,num
num_feature_958,0.20577333333333334,extra,num
num_feature_1584,0.20577333333333334,extra,num
num_feature_1749,0.20577333333333334,extra,num
num_feature_1420,0.20577333333333334,extra,num
num_feature_839,0.20577333333333334,extra,num
num_feature_360,0.20577333333333334,extra,num
num_feature_740,0.20577333333333334,extra,num
num_feature_2288,0.20577333333333334,extra,num
num_feature_2174,0.20577333333333334,extra,num
num_feature_1306,0.20577333333333334,extra,num
num_feature_1536,0.20577333333333334,extra,num
num_feature_1154,0.20577333333333334,extra,num
num_feature_256,0.20577333333333334,extra,num
num_feature_298,0.20577333333333334,extra,num
num_feature_1860,0.20577333333333334,extra,num
num_feature_2320,0.20577333333333334,extra,num
num_feature_2115,0.20577333333333334,extra,num
num_feature_2190,0.20577333333333334,extra,num
num_feature_2363,0.20577333333333334,extra,num
num_feature_2362,0.20577333333333334,extra,num
num_feature_2074,0.20577333333333334,extra,num
num_feature_1292,0.20577333333333334,extra,num
num_feature_650,0.20577333333333334,extra,num
num_feature_276,0.20577333333333334,extra,num
num_feature_1168,0.20577333333333334,extra,num
num_feature_1155,0.20577333333333334,extra,num
num_feature_1269,0.20577333333333334,extra,num
num_feature_617,0.20577333333333334,extra,num
num_feature_240,0.20577333333333334,extra,num
num_feature_800,0.20577333333333334,extra,num
num_feature_2057,0.20577333333333334,extra,num
num_feature_530,0.20577333333333334,extra,num
num_feature_1116,0.16243733333333332,extra,num
num_feature_296,0.16243733333333332,extra,num
num_feature_1953,0.16243733333333332,extra,num
num_feature_1438,0.16243733333333332,extra,num
num_feature_2036,0.16243733333333332,extra,num
num_feature_2238,0.16243733333333332,extra,num
num_feature_2064,0.16243733333333332,extra,num
num_feature_2220,0.16243733333333332,extra,num
num_feature_209,0.16243733333333332,extra,num
num_feature_854,0.16243733333333332,extra,num
num_feature_446,0.16243733333333332,extra,num
num_feature_524,0.16243733333333332,extra,num
num_feature_1985,0.16210533333333332,extra,num
num_feature_290,0.16210533333333332,extra,num
num_feature_1742,0.16210533333333332,extra,num
num_feature_1738,0.16210533333333332,extra,num
num_feature_1950,0.16210533333333332,extra,num
num_feature_158,0.16210533333333332,extra,num
num_feature_355,0.16210533333333332,extra,num
num_feature_1947,0.16210533333333332,extra,num
num_feature_1012,0.16210533333333332,extra,num
num_feature_348,0.16210533333333332,extra,num
num_feature_1374,0.16210533333333332,extra,num
num_feature_611,0.16210533333333332,extra,num
num_feature_174,0.16210533333333332,extra,num
num_feature_1267,0.16210533333333332,extra,num
num_feature_748,0.16210533333333332,extra,num
num_feature_540,0.16210533333333332,extra,num
num_feature_1303,0.16210533333333332,extra,num
num_feature_2102,0.16210533333333332,extra,num
num_feature_223,0.16210533333333332,extra,num
num_feature_698,0.16210533333333332,extra,num
num_feature_2108,0.16210533333333332,extra,num
num_feature_679,0.16210533333333332,extra,num
num_feature_1524,0.16210533333333332,extra,num
num_feature_228,0.16210533333333332,extra,num
num_feature_596,0.16210533333333332,extra,num
num_feature_1254,0.16210533333333332,extra,num
num_feature_2135,0.16210533333333332,extra,num
num_feature_1215,0.16210533333333332,extra,num
num_feature_2147,0.16210533333333332,extra,num
num_feature_1340,0.16210533333333332,extra,num
num_feature_1665,0.16210533333333332,extra,num
num_feature_793,0.16210533333333332,extra,num
num_feature_456,0.16210533333333332,extra,num
num_feature_953,0.16210533333333332,extra,num
num_feature_928,0.16210533333333332,extra,num
num_feature_2022,0.16210533333333332,extra,num
num_feature_1751,0.16210533333333332,extra,num
num_feature_183,0.16210533333333332,extra,num
num_feature_2231,0.16210533333333332,extra,num
num_feature_490,0.16210533333333332,extra,num
num_feature_1756,0.16210533333333332,extra,num
num_feature_439,0.16210533333333332,extra,num
num_feature_465,0.16210533333333332,extra,num
num_feature_1235,0.16210533333333332,extra,num
num_feature_1233,0.16210533333333332,extra,num
num_feature_1635,0.158332,extra,num
num_feature_1683,0.158332,extra,num
num_feature_221,0.158332,extra,num
num_feature_2321,0.158332,extra,num
num_feature_237,0.158332,extra,num
num_feature_145,0.158332,extra,num
num_feature_177,0.158332,extra,num
num_feature_1250,0.158332,extra,num
num_feature_1872,0.158332,extra,num
num_feature_139,0.158332,extra,num
num_feature_1730,0.158332,extra,num
num_feature_1351,0.158332,extra,num
num_feature_271,0.158332,extra,num
num_feature_1338,0.158332,extra,num
num_feature_777,0.158332,extra,num
num_feature_778,0.158332,extra,num
num_feature_1452,0.158332,extra,num
num_feature_311,0.158332,extra,num
num_feature_2070,0.158332,extra,num
num_feature_1844,0.158332,extra,num
num_feature_1151,0.158332,extra,num
num_feature_907,0.158332,extra,num
num_feature_1150,0.158332,extra,num
num_feature_2024,0.158332,extra,num
num_feature_1842,0.158332,extra,num
num_feature_975,0.158332,extra,num
num_feature_2002,0.158332,extra,num
num_feature_2001,0.158332,extra,num
num_feature_1400,0.158332,extra,num
num_feature_1140,0.158332,extra,num
num_feature_1992,0.158332,extra,num
num_feature_1980,0.158332,extra,num
num_feature_1826,0.158332,extra,num
num_feature_1974,0.158332,extra,num
num_feature_1037,0.158332,extra,num
num_feature_1046,0.158332,extra,num
num_feature_1090,0.158332,extra,num
num_feature_1360,0.158332,extra,num
num_feature_1101,0.158332,extra,num
num_feature_2081,0.158332,extra,num
num_feature_783,0.158332,extra,num
num_feature_529,0.158332,extra,num
num_feature_632,0.158332,extra,num
num_feature_333,0.158332,extra,num
num_feature_1581,0.158332,extra,num
num_feature_1574,0.158332,extra,num
num_feature_418,0.158332,extra,num
num_feature_438,0.158332,extra,num
num_feature_489,0.158332,extra,num
num_feature_1890,0.158332,extra,num
num_feature_522,0.158332,extra,num
num_feature_560,0.158332,extra,num
num_feature_1519,0.158332,extra,num
num_feature_600,0.158332,extra,num
num_feature_1285,0.158332,extra,num
num_feature_651,0.158332,extra,num
num_feature_652,0.158332,extra,num
num_feature_683,0.158332,extra,num
num_feature_1784,0.158332,extra,num
num_feature_1592,0.07530533333333334,extra,num
num_feature_1787,0.024962666666666668,extra,num
num_feature_1484,0.024962666666666668,extra,num
num_feature_1906,0.024962666666666668,extra,num
num_feature_1392,0.024962666666666668,extra,num
num_feature_1280,0.024962666666666668,extra,num
num_feature_2369,0.024962666666666668,extra,num
num_feature_1078,0.024962666666666668,extra,num
num_feature_879,0.024721333333333335,extra,num
num_feature_1263,0.009646666666666666,extra,num
num_feature_1984,0.009646666666666666,extra,num
num_feature_2097,0.004288,extra,num
num_feature_1815,0.004286666666666667,extra,num
num_feature_2246,0.004286666666666667,extra,num
num_feature_2365,0.004286666666666667,extra,num
num_feature_1018,0.004286666666666667,extra,num
num_feature_787,0.004286666666666667,extra,num
num_feature_2370,0.004286666666666667,extra,num
num_feature_1593,0.004286666666666667,extra,num
num_feature_1912,0.004286666666666667,extra,num
num_feature_1921,2e-05,extra,num
